[2025-03-06 20:03:57] debug Starting tunnel with `code c:\Users\Familia\AppData\Local\Programs\Microsoft VS Code\bin\code-tunnel.exe --verbose --cli-data-dir C:\Users\Familia\.vscode\cli tunnel service internal-run --log-to-file C:\Users\Familia\.vscode\cli\tunnel-service.log`
[2025-03-06 20:03:57] debug starting as new singleton
[2025-03-06 20:03:57] trace Found token in keyring
[2025-03-06 20:03:57] debug [reqwest::connect] starting new connection: https://api.github.com/
[2025-03-06 20:03:58] debug [reqwest::connect] starting new connection: https://brs.rel.tunnels.api.visualstudio.com/
[2025-03-06 20:03:59] trace wsl not detected
[2025-03-06 20:03:59] debug Starting tunnel to server...
[2025-03-06 20:03:59] trace Found token in keyring
[2025-03-06 20:04:00] debug [tungstenite::handshake::client] Client handshake done.
[2025-03-06 20:04:00] debug [russh::ssh_read] read_ssh_id: reading
[2025-03-06 20:04:00] debug [russh::ssh_read] read 39
[2025-03-06 20:04:00] debug [russh::ssh_read] Ok("SSH-2.0-Microsoft.DevTunnels.Ssh_3.12\r\n")
[2025-03-06 20:04:00] debug [russh::client] writing 352 bytes
[2025-03-06 20:04:00] debug [russh::ssh_read] id 39 39
[2025-03-06 20:04:00] debug [russh::client::kex] extending []
[2025-03-06 20:04:00] debug [russh::client::kex] algo = Names { kex: Name("none"), key: Name("none"), cipher: Name("none"), client_mac: Name("none"), server_mac: Name("none"), server_compression: None, client_compression: None, ignore_guessed: false }
[2025-03-06 20:04:00] debug [russh::client::kex] write = []
[2025-03-06 20:04:00] debug [russh::client::kex] i0 = 342
[2025-03-06 20:04:00] debug [russh::client::kex] moving to kexdhdone, exchange = Exchange { client_id: CryptoVec { p: 0x28bdb8751c0, size: 20, capacity: 32 }, server_id: CryptoVec { p: 0x28bdb8a8390, size: 37, capacity: 64 }, client_kex_init: CryptoVec { p: 0x28bdb8986f0, size: 342, capacity: 512 }, server_kex_init: CryptoVec { p: 0x28bdb89e090, size: 94, capacity: 128 }, client_ephemeral: CryptoVec { p: 0x1, size: 0, capacity: 0 }, server_ephemeral: CryptoVec { p: 0x1, size: 0, capacity: 0 } }
[2025-03-06 20:04:00] debug [tunnels::connections::relay_tunnel_host] established host relay primary session
[2025-03-06 20:04:00] trace Found token in keyring
[2025-03-06 20:04:00] debug Connected to tunnel endpoint: TunnelRelayTunnelEndpoint { base: TunnelEndpoint { id: "6fa9bee7-9b88-4851-b178-627ac24620d4-relay", connection_mode: TunnelRelay, host_id: "6fa9bee7-9b88-4851-b178-627ac24620d4", host_public_keys: [], port_uri_format: Some("https://mtktc05t-{port}.brs.devtunnels.ms/"), tunnel_uri: Some("https://mtktc05t.brs.devtunnels.ms/"), port_ssh_command_format: Some("ssh mtktc05t-{port}@ssh.brs.devtunnels.ms"), tunnel_ssh_command: Some("ssh mtktc05t@ssh.brs.devtunnels.ms"), ssh_gateway_public_key: None }, host_relay_uri: Some("wss://brs-data.rel.tunnels.api.visualstudio.com/api/v1/Host/Connect/swift-ant-n9fwtwx"), client_relay_uri: Some("wss://brs-data.rel.tunnels.api.visualstudio.com/api/v1/Client/Connect/swift-ant-n9fwtwx") }
[2025-03-06 20:04:00] debug Visual Studio Code Server is listening for incoming connections
[2025-03-06 20:04:00] trace Found token in keyring
[2025-03-06 20:04:00] debug [reqwest::connect] starting new connection: https://api.github.com/
[2025-03-06 20:05:00] debug [tunnels::connections::ws] sent liveness ping
[2025-03-06 20:05:00] debug [tunnels::connections::ws] received liveness pong
[2025-03-06 20:06:00] debug [tunnels::connections::ws] received liveness pong
[2025-03-06 20:07:00] debug [tunnels::connections::ws] sent liveness ping
[2025-03-06 20:07:00] debug [tunnels::connections::ws] received liveness pong
[2025-03-06 20:08:00] debug [tunnels::connections::ws] received liveness pong
[2025-03-06 20:09:00] debug [tunnels::connections::ws] sent liveness ping
[2025-03-06 20:09:00] debug [tunnels::connections::ws] received liveness pong
[2025-03-06 20:10:00] debug [tunnels::connections::ws] received liveness pong
[2025-03-06 20:11:00] debug [tunnels::connections::ws] sent liveness ping
[2025-03-06 20:11:00] debug [tunnels::connections::ws] received liveness pong
[2025-03-06 20:12:00] debug [tunnels::connections::ws] received liveness pong
[2025-03-06 20:13:00] debug [tunnels::connections::ws] sent liveness ping
[2025-03-06 20:13:00] debug [tunnels::connections::ws] received liveness pong
[2025-03-06 20:14:00] debug [tunnels::connections::ws] received liveness pong
[2025-03-06 20:15:00] debug [tunnels::connections::ws] sent liveness ping
[2025-03-06 20:15:00] debug [tunnels::connections::ws] received liveness pong
[2025-03-06 20:16:00] debug [tunnels::connections::ws] received liveness pong
[2025-03-06 20:17:00] debug [tunnels::connections::ws] sent liveness ping
[2025-03-06 20:17:00] debug [tunnels::connections::ws] received liveness pong
[2025-03-06 20:18:00] debug [tunnels::connections::ws] received liveness pong
[2025-03-06 20:19:00] debug [tunnels::connections::ws] sent liveness ping
[2025-03-06 20:19:00] debug [tunnels::connections::ws] received liveness pong
[2025-03-06 20:20:00] debug [tunnels::connections::ws] received liveness pong
[2025-03-06 20:21:00] debug [tunnels::connections::ws] sent liveness ping
[2025-03-06 20:21:00] debug [tunnels::connections::ws] received liveness pong
[2025-03-06 20:22:00] debug [tunnels::connections::ws] received liveness pong
[2025-03-06 20:23:00] debug [tunnels::connections::ws] sent liveness ping
[2025-03-06 20:23:00] debug [tunnels::connections::ws] received liveness pong
[2025-03-06 20:24:00] debug [tunnels::connections::ws] received liveness pong
[2025-03-06 20:25:00] debug [tunnels::connections::ws] sent liveness ping
[2025-03-06 20:25:00] debug [tunnels::connections::ws] received liveness pong
[2025-03-06 20:26:00] debug [tunnels::connections::ws] received liveness pong
[2025-03-06 20:27:00] debug [tunnels::connections::ws] sent liveness ping
[2025-03-06 20:27:00] debug [tunnels::connections::ws] received liveness pong
[2025-03-06 20:28:00] debug [tunnels::connections::ws] received liveness pong
[2025-03-06 20:29:00] debug [tunnels::connections::ws] sent liveness ping
[2025-03-06 20:29:00] debug [tunnels::connections::ws] received liveness pong
[2025-03-06 20:30:00] debug [tunnels::connections::ws] received liveness pong
[2025-03-06 20:31:00] debug [tunnels::connections::ws] sent liveness ping
[2025-03-06 20:31:00] debug [tunnels::connections::ws] received liveness pong
[2025-03-06 20:32:00] debug [tunnels::connections::ws] received liveness pong
[2025-03-06 20:33:00] debug [tunnels::connections::ws] sent liveness ping
[2025-03-06 20:33:00] debug [tunnels::connections::ws] received liveness pong
[2025-03-06 20:34:00] debug [tunnels::connections::ws] received liveness pong
[2025-03-06 20:35:00] debug [tunnels::connections::ws] sent liveness ping
[2025-03-06 20:35:00] debug [tunnels::connections::ws] received liveness pong
[2025-03-06 20:36:00] debug [tunnels::connections::ws] received liveness pong
[2025-03-06 20:37:00] debug [tunnels::connections::ws] sent liveness ping
[2025-03-06 20:37:00] debug [tunnels::connections::ws] received liveness pong
[2025-03-06 20:38:00] debug [tunnels::connections::ws] received liveness pong
[2025-03-06 20:39:00] debug [tunnels::connections::ws] sent liveness ping
[2025-03-06 20:39:00] debug [tunnels::connections::ws] received liveness pong
[2025-03-06 20:40:00] debug [tunnels::connections::ws] received liveness pong
[2025-03-06 20:41:00] debug [tunnels::connections::ws] sent liveness ping
[2025-03-06 20:41:00] debug [tunnels::connections::ws] received liveness pong
[2025-03-06 20:42:00] debug [tunnels::connections::ws] received liveness pong
[2025-03-06 20:43:00] debug [tunnels::connections::ws] sent liveness ping
[2025-03-06 20:43:00] debug [tunnels::connections::ws] received liveness pong
[2025-03-06 20:44:00] debug [tunnels::connections::ws] received liveness pong
[2025-03-06 20:45:00] debug [tunnels::connections::ws] sent liveness ping
[2025-03-06 20:45:00] debug [tunnels::connections::ws] received liveness pong
[2025-03-06 20:46:00] debug [tunnels::connections::ws] received liveness pong
[2025-03-06 20:47:00] debug [tunnels::connections::ws] sent liveness ping
[2025-03-06 20:47:00] debug [tunnels::connections::ws] received liveness pong
[2025-03-06 20:48:00] debug [tunnels::connections::ws] received liveness pong
[2025-03-06 20:49:00] debug [tunnels::connections::ws] sent liveness ping
[2025-03-06 20:49:00] debug [tunnels::connections::ws] received liveness pong
[2025-03-06 20:50:00] debug [tunnels::connections::ws] received liveness pong
[2025-03-06 20:51:00] debug [tunnels::connections::ws] sent liveness ping
[2025-03-06 20:51:00] debug [tunnels::connections::ws] received liveness pong
[2025-03-06 20:52:00] debug [tunnels::connections::ws] received liveness pong
[2025-03-06 20:53:00] debug [tunnels::connections::ws] sent liveness ping
[2025-03-06 20:53:00] debug [tunnels::connections::ws] received liveness pong
[2025-03-06 20:54:00] debug [tunnels::connections::ws] sent liveness ping
[2025-03-06 20:54:00] debug [tunnels::connections::ws] received liveness pong
[2025-03-06 20:54:00] debug [tunnels::connections::ws] received liveness pong
[2025-03-06 20:55:00] debug [tunnels::connections::ws] sent liveness ping
[2025-03-06 20:55:00] debug [tunnels::connections::ws] received liveness pong
[2025-03-06 20:56:00] debug [tunnels::connections::ws] received liveness pong
[2025-03-06 20:57:00] debug [tunnels::connections::ws] sent liveness ping
[2025-03-06 20:57:00] debug [tunnels::connections::ws] received liveness pong
[2025-03-06 20:58:00] debug [tunnels::connections::ws] received liveness pong
[2025-03-06 20:59:00] debug [tunnels::connections::ws] sent liveness ping
[2025-03-06 20:59:00] debug [tunnels::connections::ws] received liveness pong
[2025-03-06 21:00:00] debug [tunnels::connections::ws] received liveness pong
[2025-03-06 21:01:00] debug [tunnels::connections::ws] sent liveness ping
[2025-03-06 21:01:00] debug [tunnels::connections::ws] received liveness pong
[2025-03-06 21:02:00] debug [tunnels::connections::ws] received liveness pong
[2025-03-06 21:03:00] debug [tunnels::connections::ws] sent liveness ping
[2025-03-06 21:03:00] debug [tunnels::connections::ws] received liveness pong
[2025-03-06 21:04:00] debug [tunnels::connections::ws] received liveness pong
[2025-03-06 21:04:00] debug [reqwest::connect] starting new connection: https://api.github.com/
[2025-03-06 21:04:07] warn error refreshing token: WrappedError(WrappedError { message: "error requesting https://api.github.com/user", original: "error sending request for url (https://api.github.com/user): channel closed" })
[2025-03-06 21:04:17] debug [reqwest::connect] starting new connection: https://api.github.com/
[2025-03-06 21:04:19] trace token was successfully refreshed in keepalive
[2025-03-06 21:05:00] debug [tunnels::connections::ws] sent liveness ping
[2025-03-06 21:05:00] debug [tunnels::connections::ws] received liveness pong
[2025-03-06 21:05:59] debug [tunnels::connections::ws] received liveness pong
[2025-03-06 21:06:59] debug [tunnels::connections::ws] sent liveness ping
[2025-03-06 21:07:00] debug [tunnels::connections::ws] received liveness pong
[2025-03-06 21:08:00] debug [tunnels::connections::ws] received liveness pong
[2025-03-06 21:09:00] debug [tunnels::connections::ws] sent liveness ping
[2025-03-06 21:09:00] debug [tunnels::connections::ws] received liveness pong
[2025-03-06 21:10:00] debug [tunnels::connections::ws] received liveness pong
[2025-03-06 21:11:00] debug [tunnels::connections::ws] sent liveness ping
[2025-03-06 21:11:00] debug [tunnels::connections::ws] received liveness pong
[2025-03-06 21:11:59] debug [tunnels::connections::ws] received liveness pong
[2025-03-06 21:13:00] debug [tunnels::connections::ws] sent liveness ping
[2025-03-06 21:13:00] debug [tunnels::connections::ws] received liveness pong
[2025-03-06 21:13:59] debug [tunnels::connections::ws] received liveness pong
[2025-03-06 21:15:00] debug [tunnels::connections::ws] sent liveness ping
[2025-03-06 21:15:00] debug [tunnels::connections::ws] received liveness pong
[2025-03-06 21:15:59] debug [tunnels::connections::ws] received liveness pong
[2025-03-06 21:16:59] debug [tunnels::connections::ws] sent liveness ping
[2025-03-06 21:17:00] debug [tunnels::connections::ws] received liveness pong
[2025-03-06 21:17:59] debug [tunnels::connections::ws] received liveness pong
[2025-03-06 21:19:00] debug [tunnels::connections::ws] sent liveness ping
[2025-03-06 21:19:00] debug [tunnels::connections::ws] received liveness pong
[2025-03-06 21:19:59] debug [tunnels::connections::ws] received liveness pong
[2025-03-06 21:20:59] debug [tunnels::connections::ws] sent liveness ping
[2025-03-06 21:21:00] debug [tunnels::connections::ws] received liveness pong
[2025-03-06 21:21:59] debug [tunnels::connections::ws] received liveness pong
[2025-03-06 21:23:00] debug [tunnels::connections::ws] sent liveness ping
[2025-03-06 21:23:00] debug [tunnels::connections::ws] received liveness pong
[2025-03-06 21:23:59] debug [tunnels::connections::ws] received liveness pong
[2025-03-06 21:25:00] debug [tunnels::connections::ws] sent liveness ping
[2025-03-06 21:25:00] debug [tunnels::connections::ws] received liveness pong
[2025-03-06 21:26:00] debug [tunnels::connections::ws] received liveness pong
[2025-03-06 21:27:00] debug [tunnels::connections::ws] sent liveness ping
[2025-03-06 21:27:00] debug [tunnels::connections::ws] received liveness pong
[2025-03-06 21:27:59] debug [tunnels::connections::ws] received liveness pong
[2025-03-06 21:28:59] debug [tunnels::connections::ws] sent liveness ping
[2025-03-06 21:29:00] debug [tunnels::connections::ws] received liveness pong
[2025-03-06 21:29:59] debug [tunnels::connections::ws] received liveness pong
[2025-03-06 21:30:59] debug [tunnels::connections::ws] sent liveness ping
[2025-03-06 21:31:00] debug [tunnels::connections::ws] received liveness pong
[2025-03-06 21:31:59] debug [tunnels::connections::ws] received liveness pong
[2025-03-06 21:32:59] debug [tunnels::connections::ws] sent liveness ping
[2025-03-06 21:33:00] debug [tunnels::connections::ws] received liveness pong
[2025-03-06 21:33:59] debug [tunnels::connections::ws] received liveness pong
[2025-03-06 21:34:59] debug [tunnels::connections::ws] sent liveness ping
[2025-03-06 21:35:00] debug [tunnels::connections::ws] received liveness pong
[2025-03-06 21:35:59] debug [tunnels::connections::ws] received liveness pong
[2025-03-06 21:36:59] debug [tunnels::connections::ws] sent liveness ping
[2025-03-06 21:36:59] debug [tunnels::connections::ws] received liveness pong
[2025-03-06 21:37:59] debug [tunnels::connections::ws] received liveness pong
[2025-03-06 21:38:59] debug [tunnels::connections::ws] sent liveness ping
[2025-03-06 21:38:59] debug [tunnels::connections::ws] received liveness pong
[2025-03-06 21:39:59] debug [tunnels::connections::ws] received liveness pong
[2025-03-06 21:40:59] debug [tunnels::connections::ws] sent liveness ping
[2025-03-06 21:40:59] debug [tunnels::connections::ws] received liveness pong
[2025-03-06 21:41:59] debug [tunnels::connections::ws] received liveness pong
[2025-03-06 21:42:59] debug [tunnels::connections::ws] sent liveness ping
[2025-03-06 21:43:00] debug [tunnels::connections::ws] received liveness pong
[2025-03-06 21:43:59] debug [tunnels::connections::ws] received liveness pong
[2025-03-06 21:44:59] debug [tunnels::connections::ws] sent liveness ping
[2025-03-06 21:44:59] debug [tunnels::connections::ws] received liveness pong
[2025-03-06 21:45:59] debug [tunnels::connections::ws] received liveness pong
[2025-03-06 21:46:59] debug [tunnels::connections::ws] sent liveness ping
[2025-03-06 21:46:59] debug [tunnels::connections::ws] received liveness pong
[2025-03-06 21:47:59] debug [tunnels::connections::ws] received liveness pong
[2025-03-06 21:48:59] debug [tunnels::connections::ws] sent liveness ping
[2025-03-06 21:48:59] debug [tunnels::connections::ws] received liveness pong
[2025-03-06 21:49:59] debug [tunnels::connections::ws] received liveness pong
[2025-03-06 21:50:59] debug [tunnels::connections::ws] sent liveness ping
[2025-03-06 21:50:59] debug [tunnels::connections::ws] received liveness pong
[2025-03-06 21:51:59] debug [tunnels::connections::ws] received liveness pong
[2025-03-06 21:52:59] debug [tunnels::connections::ws] sent liveness ping
[2025-03-06 21:52:59] debug [tunnels::connections::ws] received liveness pong
[2025-03-06 21:53:59] debug [tunnels::connections::ws] received liveness pong
[2025-03-06 21:54:59] debug [tunnels::connections::ws] sent liveness ping
[2025-03-06 21:54:59] debug [tunnels::connections::ws] received liveness pong
[2025-03-06 21:55:59] debug [tunnels::connections::ws] received liveness pong
[2025-03-06 21:56:59] debug [tunnels::connections::ws] sent liveness ping
[2025-03-06 21:56:59] debug [tunnels::connections::ws] received liveness pong
[2025-03-06 21:57:59] debug [tunnels::connections::ws] received liveness pong
[2025-03-06 21:58:59] debug [tunnels::connections::ws] sent liveness ping
[2025-03-06 21:58:59] debug [tunnels::connections::ws] received liveness pong
[2025-03-06 21:59:59] debug [tunnels::connections::ws] received liveness pong
[2025-03-06 22:00:59] debug [tunnels::connections::ws] sent liveness ping
[2025-03-06 22:00:59] debug [tunnels::connections::ws] received liveness pong
[2025-03-06 22:01:59] debug [tunnels::connections::ws] received liveness pong
[2025-03-06 22:02:59] debug [tunnels::connections::ws] sent liveness ping
[2025-03-06 22:02:59] debug [tunnels::connections::ws] received liveness pong
[2025-03-06 22:03:59] debug [tunnels::connections::ws] received liveness pong
[2025-03-06 22:04:19] debug [reqwest::connect] starting new connection: https://api.github.com/
[2025-03-06 22:04:19] trace token was successfully refreshed in keepalive
[2025-03-06 22:04:59] debug [tunnels::connections::ws] sent liveness ping
[2025-03-06 22:04:59] debug [tunnels::connections::ws] received liveness pong
[2025-03-06 22:05:59] debug [tunnels::connections::ws] received liveness pong
[2025-03-06 22:06:59] debug [tunnels::connections::ws] sent liveness ping
[2025-03-06 22:06:59] debug [tunnels::connections::ws] received liveness pong
[2025-03-06 22:07:59] debug [tunnels::connections::ws] received liveness pong
[2025-03-06 22:08:59] debug [tunnels::connections::ws] sent liveness ping
[2025-03-06 22:09:00] debug [tunnels::connections::ws] received liveness pong
[2025-03-06 22:09:59] debug [tunnels::connections::ws] received liveness pong
[2025-03-06 22:10:59] debug [tunnels::connections::ws] sent liveness ping
[2025-03-06 22:11:00] debug [tunnels::connections::ws] received liveness pong
[2025-03-06 22:11:59] debug [tunnels::connections::ws] received liveness pong
[2025-03-06 22:12:59] debug [tunnels::connections::ws] sent liveness ping
[2025-03-06 22:13:00] debug [tunnels::connections::ws] received liveness pong
[2025-03-06 22:13:59] debug [tunnels::connections::ws] received liveness pong
[2025-03-06 22:14:59] debug [tunnels::connections::ws] sent liveness ping
[2025-03-06 22:14:59] debug [tunnels::connections::ws] received liveness pong
[2025-03-06 22:15:59] debug [tunnels::connections::ws] received liveness pong
[2025-03-06 22:16:59] debug [tunnels::connections::ws] sent liveness ping
[2025-03-06 22:16:59] debug [tunnels::connections::ws] received liveness pong
[2025-03-06 22:17:59] debug [tunnels::connections::ws] received liveness pong
[2025-03-06 22:18:59] debug [tunnels::connections::ws] sent liveness ping
[2025-03-06 22:18:59] debug [tunnels::connections::ws] received liveness pong
[2025-03-06 22:19:59] debug [tunnels::connections::ws] received liveness pong
[2025-03-06 22:20:59] debug [tunnels::connections::ws] sent liveness ping
[2025-03-06 22:20:59] debug [tunnels::connections::ws] received liveness pong
[2025-03-06 22:21:59] debug [tunnels::connections::ws] received liveness pong
[2025-03-06 22:22:59] debug [tunnels::connections::ws] sent liveness ping
[2025-03-06 22:22:59] debug [tunnels::connections::ws] received liveness pong
[2025-03-06 22:23:59] debug [tunnels::connections::ws] received liveness pong
[2025-03-06 22:24:59] debug [tunnels::connections::ws] sent liveness ping
[2025-03-06 22:24:59] debug [tunnels::connections::ws] received liveness pong
[2025-03-06 22:25:59] debug [tunnels::connections::ws] received liveness pong
[2025-03-06 22:26:59] debug [tunnels::connections::ws] sent liveness ping
[2025-03-06 22:26:59] debug [tunnels::connections::ws] received liveness pong
[2025-03-06 22:27:59] debug [tunnels::connections::ws] received liveness pong
[2025-03-06 22:28:59] debug [tunnels::connections::ws] sent liveness ping
[2025-03-06 22:28:59] debug [tunnels::connections::ws] received liveness pong
[2025-03-06 22:29:59] debug [tunnels::connections::ws] received liveness pong
[2025-03-06 22:30:59] debug [tunnels::connections::ws] sent liveness ping
[2025-03-06 22:30:59] debug [tunnels::connections::ws] received liveness pong
[2025-03-06 22:31:59] debug [tunnels::connections::ws] received liveness pong
[2025-03-06 22:32:59] debug [tunnels::connections::ws] sent liveness ping
[2025-03-06 22:32:59] debug [tunnels::connections::ws] received liveness pong
[2025-03-06 22:33:59] debug [tunnels::connections::ws] received liveness pong
[2025-03-06 22:34:59] debug [tunnels::connections::ws] sent liveness ping
[2025-03-06 22:34:59] debug [tunnels::connections::ws] received liveness pong
[2025-03-06 22:35:59] debug [tunnels::connections::ws] received liveness pong
[2025-03-06 22:36:59] debug [tunnels::connections::ws] sent liveness ping
[2025-03-06 22:36:59] debug [tunnels::connections::ws] received liveness pong
[2025-03-06 22:37:59] debug [tunnels::connections::ws] received liveness pong
[2025-03-06 22:38:59] debug [tunnels::connections::ws] sent liveness ping
[2025-03-06 22:39:00] debug [tunnels::connections::ws] received liveness pong
[2025-03-06 22:39:59] debug [tunnels::connections::ws] received liveness pong
[2025-03-06 22:40:59] debug [tunnels::connections::ws] sent liveness ping
[2025-03-06 22:40:59] debug [tunnels::connections::ws] received liveness pong
[2025-03-06 22:41:59] debug [tunnels::connections::ws] sent liveness ping
[2025-03-06 22:42:00] debug [tunnels::connections::ws] received liveness pong
[2025-03-06 22:42:00] debug [tunnels::connections::ws] received liveness pong
[2025-03-06 22:43:00] debug [tunnels::connections::ws] sent liveness ping
[2025-03-06 22:43:00] debug [tunnels::connections::ws] received liveness pong
[2025-03-06 22:43:59] debug [tunnels::connections::ws] received liveness pong
[2025-03-06 22:44:59] debug [tunnels::connections::ws] sent liveness ping
[2025-03-06 22:45:00] debug [tunnels::connections::ws] received liveness pong
[2025-03-06 22:46:00] debug [tunnels::connections::ws] sent liveness ping
[2025-03-06 22:46:00] debug [tunnels::connections::ws] received liveness pong
[2025-03-06 22:46:00] debug [tunnels::connections::ws] received liveness pong
[2025-03-06 22:47:00] debug [tunnels::connections::ws] sent liveness ping
[2025-03-06 22:47:00] debug [tunnels::connections::ws] received liveness pong
[2025-03-06 22:47:59] debug [tunnels::connections::ws] received liveness pong
[2025-03-06 22:48:59] debug [tunnels::connections::ws] sent liveness ping
[2025-03-06 22:49:00] debug [tunnels::connections::ws] received liveness pong
[2025-03-06 22:49:59] debug [tunnels::connections::ws] received liveness pong
[2025-03-06 22:50:59] debug [tunnels::connections::ws] sent liveness ping
[2025-03-06 22:51:00] debug [tunnels::connections::ws] received liveness pong
[2025-03-06 22:51:59] debug [tunnels::connections::ws] received liveness pong
[2025-03-06 22:52:59] debug [tunnels::connections::ws] sent liveness ping
[2025-03-06 22:53:00] debug [tunnels::connections::ws] received liveness pong
[2025-03-06 22:54:00] debug [tunnels::connections::ws] received liveness pong
[2025-03-06 22:55:00] debug [tunnels::connections::ws] sent liveness ping
[2025-03-06 22:55:00] debug [tunnels::connections::ws] received liveness pong
[2025-03-06 22:55:59] debug [tunnels::connections::ws] received liveness pong
[2025-03-06 22:56:59] debug [tunnels::connections::ws] sent liveness ping
[2025-03-06 22:56:59] debug [tunnels::connections::ws] received liveness pong
[2025-03-06 22:57:59] debug [tunnels::connections::ws] received liveness pong
[2025-03-06 22:58:59] debug [tunnels::connections::ws] sent liveness ping
[2025-03-06 22:58:59] debug [tunnels::connections::ws] received liveness pong
[2025-03-06 22:59:59] debug [tunnels::connections::ws] received liveness pong
[2025-03-06 23:00:59] debug [tunnels::connections::ws] sent liveness ping
[2025-03-06 23:00:59] debug [tunnels::connections::ws] received liveness pong
[2025-03-06 23:01:59] debug [tunnels::connections::ws] received liveness pong
[2025-03-06 23:02:59] debug [tunnels::connections::ws] sent liveness ping
[2025-03-06 23:02:59] debug [tunnels::connections::ws] received liveness pong
[2025-03-06 23:03:59] debug [tunnels::connections::ws] received liveness pong
[2025-03-06 23:04:19] debug [reqwest::connect] starting new connection: https://api.github.com/
[2025-03-06 23:04:19] trace token was successfully refreshed in keepalive
[2025-03-06 23:04:59] debug [tunnels::connections::ws] sent liveness ping
[2025-03-06 23:04:59] debug [tunnels::connections::ws] received liveness pong
[2025-03-06 23:05:59] debug [tunnels::connections::ws] received liveness pong
[2025-03-06 23:06:59] debug [tunnels::connections::ws] sent liveness ping
[2025-03-06 23:06:59] debug [tunnels::connections::ws] received liveness pong
[2025-03-06 23:07:59] debug [tunnels::connections::ws] received liveness pong
[2025-03-06 23:08:59] debug [tunnels::connections::ws] sent liveness ping
[2025-03-06 23:08:59] debug [tunnels::connections::ws] received liveness pong
[2025-03-06 23:09:59] debug [tunnels::connections::ws] received liveness pong
[2025-03-06 23:10:59] debug [tunnels::connections::ws] sent liveness ping
[2025-03-06 23:10:59] debug [tunnels::connections::ws] received liveness pong
[2025-03-06 23:11:59] debug [tunnels::connections::ws] received liveness pong
[2025-03-06 23:12:59] debug [tunnels::connections::ws] sent liveness ping
[2025-03-06 23:12:59] debug [tunnels::connections::ws] received liveness pong
[2025-03-06 23:13:59] debug [tunnels::connections::ws] received liveness pong
[2025-03-06 23:14:59] debug [tunnels::connections::ws] sent liveness ping
[2025-03-06 23:14:59] debug [tunnels::connections::ws] received liveness pong
[2025-03-06 23:15:59] debug [tunnels::connections::ws] received liveness pong
[2025-03-06 23:16:59] debug [tunnels::connections::ws] sent liveness ping
[2025-03-06 23:16:59] debug [tunnels::connections::ws] received liveness pong
[2025-03-06 23:17:59] debug [tunnels::connections::ws] received liveness pong
[2025-03-06 23:18:59] debug [tunnels::connections::ws] sent liveness ping
[2025-03-06 23:18:59] debug [tunnels::connections::ws] received liveness pong
[2025-03-06 23:19:59] debug [tunnels::connections::ws] received liveness pong
[2025-03-06 23:20:59] debug [tunnels::connections::ws] sent liveness ping
[2025-03-06 23:20:59] debug [tunnels::connections::ws] received liveness pong
[2025-03-06 23:21:59] debug [tunnels::connections::ws] received liveness pong
[2025-03-06 23:22:59] debug [tunnels::connections::ws] sent liveness ping
[2025-03-06 23:22:59] debug [tunnels::connections::ws] received liveness pong
[2025-03-06 23:23:59] debug [tunnels::connections::ws] received liveness pong
[2025-03-06 23:24:59] debug [tunnels::connections::ws] sent liveness ping
[2025-03-06 23:24:59] debug [tunnels::connections::ws] received liveness pong
[2025-03-06 23:25:59] debug [tunnels::connections::ws] received liveness pong
[2025-03-06 23:26:59] debug [tunnels::connections::ws] sent liveness ping
[2025-03-06 23:26:59] debug [tunnels::connections::ws] received liveness pong
[2025-03-06 23:27:59] debug [tunnels::connections::ws] received liveness pong
[2025-03-06 23:28:59] debug [tunnels::connections::ws] sent liveness ping
[2025-03-06 23:28:59] debug [tunnels::connections::ws] received liveness pong
[2025-03-06 23:29:59] debug [tunnels::connections::ws] received liveness pong
[2025-03-06 23:30:59] debug [tunnels::connections::ws] sent liveness ping
[2025-03-06 23:30:59] debug [tunnels::connections::ws] received liveness pong
[2025-03-06 23:31:59] debug [tunnels::connections::ws] received liveness pong
[2025-03-06 23:32:59] debug [tunnels::connections::ws] sent liveness ping
[2025-03-06 23:32:59] debug [tunnels::connections::ws] received liveness pong
[2025-03-06 23:33:59] debug [tunnels::connections::ws] received liveness pong
[2025-03-06 23:34:59] debug [tunnels::connections::ws] sent liveness ping
[2025-03-06 23:34:59] debug [tunnels::connections::ws] received liveness pong
[2025-03-06 23:35:59] debug [tunnels::connections::ws] received liveness pong
[2025-03-06 23:36:59] debug [tunnels::connections::ws] sent liveness ping
[2025-03-06 23:36:59] debug [tunnels::connections::ws] received liveness pong
[2025-03-06 23:37:59] debug [tunnels::connections::ws] received liveness pong
[2025-03-06 23:38:59] debug [tunnels::connections::ws] sent liveness ping
[2025-03-06 23:38:59] debug [tunnels::connections::ws] received liveness pong
[2025-03-06 23:39:59] debug [tunnels::connections::ws] sent liveness ping
[2025-03-06 23:40:00] debug [tunnels::connections::ws] received liveness pong
[2025-03-06 23:40:00] debug [tunnels::connections::ws] received liveness pong
[2025-03-06 23:41:00] debug [tunnels::connections::ws] sent liveness ping
[2025-03-06 23:41:00] debug [tunnels::connections::ws] received liveness pong
[2025-03-06 23:41:59] debug [tunnels::connections::ws] received liveness pong
[2025-03-06 23:42:59] debug [tunnels::connections::ws] sent liveness ping
[2025-03-06 23:42:59] debug [tunnels::connections::ws] received liveness pong
[2025-03-06 23:43:59] debug [tunnels::connections::ws] sent liveness ping
[2025-03-06 23:43:59] debug [tunnels::connections::ws] received liveness pong
[2025-03-06 23:43:59] debug [tunnels::connections::ws] received liveness pong
[2025-03-06 23:44:59] debug [tunnels::connections::ws] sent liveness ping
[2025-03-06 23:44:59] debug [tunnels::connections::ws] received liveness pong
[2025-03-06 23:45:59] debug [tunnels::connections::ws] received liveness pong
[2025-03-06 23:46:59] debug [tunnels::connections::ws] sent liveness ping
[2025-03-06 23:46:59] debug [tunnels::connections::ws] received liveness pong
[2025-03-06 23:47:59] debug [tunnels::connections::ws] received liveness pong
[2025-03-06 23:48:59] debug [tunnels::connections::ws] sent liveness ping
[2025-03-06 23:48:59] debug [tunnels::connections::ws] received liveness pong
[2025-03-06 23:49:59] debug [tunnels::connections::ws] received liveness pong
[2025-03-06 23:50:59] debug [tunnels::connections::ws] sent liveness ping
[2025-03-06 23:50:59] debug [tunnels::connections::ws] received liveness pong
[2025-03-06 23:51:59] debug [tunnels::connections::ws] sent liveness ping
[2025-03-06 23:52:00] debug [tunnels::connections::ws] received liveness pong
[2025-03-06 23:52:00] debug [tunnels::connections::ws] received liveness pong
[2025-03-06 23:53:00] debug [tunnels::connections::ws] sent liveness ping
[2025-03-06 23:53:00] debug [tunnels::connections::ws] received liveness pong
[2025-03-06 23:53:59] debug [tunnels::connections::ws] received liveness pong
[2025-03-06 23:54:59] debug [tunnels::connections::ws] sent liveness ping
[2025-03-06 23:54:59] debug [tunnels::connections::ws] received liveness pong
[2025-03-06 23:55:59] debug [tunnels::connections::ws] sent liveness ping
[2025-03-06 23:56:00] debug [tunnels::connections::ws] received liveness pong
[2025-03-06 23:56:00] debug [tunnels::connections::ws] received liveness pong
[2025-03-06 23:57:00] debug [tunnels::connections::ws] sent liveness ping
[2025-03-06 23:57:00] debug [tunnels::connections::ws] received liveness pong
[2025-03-06 23:57:59] debug [tunnels::connections::ws] received liveness pong
[2025-03-06 23:58:59] debug [tunnels::connections::ws] sent liveness ping
[2025-03-06 23:58:59] debug [tunnels::connections::ws] received liveness pong
[2025-03-06 23:59:59] debug [tunnels::connections::ws] sent liveness ping
[2025-03-06 23:59:59] debug [tunnels::connections::ws] received liveness pong
[2025-03-06 23:59:59] debug [tunnels::connections::ws] received liveness pong
[2025-03-07 00:00:59] debug [tunnels::connections::ws] sent liveness ping
[2025-03-07 00:00:59] debug [tunnels::connections::ws] received liveness pong
[2025-03-07 00:01:59] debug [tunnels::connections::ws] received liveness pong
[2025-03-07 00:02:59] debug [tunnels::connections::ws] sent liveness ping
[2025-03-07 00:03:00] debug [tunnels::connections::ws] received liveness pong
[2025-03-07 00:04:00] debug [tunnels::connections::ws] sent liveness ping
[2025-03-07 00:04:00] debug [tunnels::connections::ws] received liveness pong
[2025-03-07 00:04:00] debug [tunnels::connections::ws] received liveness pong
[2025-03-07 00:04:19] debug [reqwest::connect] starting new connection: https://api.github.com/
[2025-03-07 00:04:20] trace token was successfully refreshed in keepalive
[2025-03-07 00:05:00] debug [tunnels::connections::ws] sent liveness ping
[2025-03-07 00:05:00] debug [tunnels::connections::ws] received liveness pong
[2025-03-07 00:05:59] debug [tunnels::connections::ws] received liveness pong
[2025-03-07 00:06:59] debug [tunnels::connections::ws] sent liveness ping
[2025-03-07 00:06:59] debug [tunnels::connections::ws] received liveness pong
[2025-03-07 00:07:59] debug [tunnels::connections::ws] received liveness pong
[2025-03-07 00:08:59] debug [tunnels::connections::ws] sent liveness ping
[2025-03-07 00:08:59] debug [tunnels::connections::ws] received liveness pong
[2025-03-07 00:09:59] debug [tunnels::connections::ws] received liveness pong
[2025-03-07 00:10:59] debug [tunnels::connections::ws] sent liveness ping
[2025-03-07 00:10:59] debug [tunnels::connections::ws] received liveness pong
[2025-03-07 00:11:59] debug [tunnels::connections::ws] received liveness pong
[2025-03-07 00:12:59] debug [tunnels::connections::ws] sent liveness ping
[2025-03-07 00:12:59] debug [tunnels::connections::ws] received liveness pong
[2025-03-07 00:13:59] debug [tunnels::connections::ws] received liveness pong
[2025-03-07 00:14:59] debug [tunnels::connections::ws] sent liveness ping
[2025-03-07 00:14:59] debug [tunnels::connections::ws] received liveness pong
[2025-03-07 00:15:59] debug [tunnels::connections::ws] received liveness pong
[2025-03-07 00:16:59] debug [tunnels::connections::ws] sent liveness ping
[2025-03-07 00:16:59] debug [tunnels::connections::ws] received liveness pong
[2025-03-07 00:17:59] debug [tunnels::connections::ws] received liveness pong
[2025-03-07 00:18:59] debug [tunnels::connections::ws] sent liveness ping
[2025-03-07 00:18:59] debug [tunnels::connections::ws] received liveness pong
[2025-03-07 00:19:59] debug [tunnels::connections::ws] received liveness pong
[2025-03-07 00:20:59] debug [tunnels::connections::ws] sent liveness ping
[2025-03-07 00:20:59] debug [tunnels::connections::ws] received liveness pong
[2025-03-07 00:21:59] debug [tunnels::connections::ws] sent liveness ping
[2025-03-07 00:21:59] debug [tunnels::connections::ws] received liveness pong
[2025-03-07 00:21:59] debug [tunnels::connections::ws] received liveness pong
[2025-03-07 00:22:59] debug [tunnels::connections::ws] sent liveness ping
[2025-03-07 00:22:59] debug [tunnels::connections::ws] received liveness pong
[2025-03-07 00:23:59] debug [tunnels::connections::ws] received liveness pong
[2025-03-07 00:24:59] debug [tunnels::connections::ws] sent liveness ping
[2025-03-07 00:24:59] debug [tunnels::connections::ws] received liveness pong
[2025-03-07 00:25:59] debug [tunnels::connections::ws] received liveness pong
[2025-03-07 00:26:59] debug [tunnels::connections::ws] sent liveness ping
[2025-03-07 00:26:59] debug [tunnels::connections::ws] received liveness pong
[2025-03-07 00:27:59] debug [tunnels::connections::ws] received liveness pong
[2025-03-07 00:28:59] debug [tunnels::connections::ws] sent liveness ping
[2025-03-07 00:28:59] debug [tunnels::connections::ws] received liveness pong
[2025-03-07 00:29:59] debug [tunnels::connections::ws] received liveness pong
[2025-03-07 00:30:59] debug [tunnels::connections::ws] sent liveness ping
[2025-03-07 00:30:59] debug [tunnels::connections::ws] received liveness pong
[2025-03-07 00:31:59] debug [tunnels::connections::ws] received liveness pong
[2025-03-07 00:32:59] debug [tunnels::connections::ws] sent liveness ping
[2025-03-07 00:32:59] debug [tunnels::connections::ws] received liveness pong
[2025-03-07 00:33:59] debug [tunnels::connections::ws] received liveness pong
[2025-03-07 00:34:59] debug [tunnels::connections::ws] sent liveness ping
[2025-03-07 00:34:59] debug [tunnels::connections::ws] received liveness pong
[2025-03-07 00:35:59] debug [tunnels::connections::ws] received liveness pong
[2025-03-07 00:36:59] debug [tunnels::connections::ws] sent liveness ping
[2025-03-07 00:36:59] debug [tunnels::connections::ws] received liveness pong
[2025-03-07 00:37:59] debug [tunnels::connections::ws] received liveness pong
[2025-03-07 00:38:59] debug [tunnels::connections::ws] sent liveness ping
[2025-03-07 00:38:59] debug [tunnels::connections::ws] received liveness pong
[2025-03-07 00:39:59] debug [tunnels::connections::ws] sent liveness ping
[2025-03-07 00:39:59] debug [tunnels::connections::ws] received liveness pong
[2025-03-07 00:39:59] debug [tunnels::connections::ws] received liveness pong
[2025-03-07 00:40:59] debug [tunnels::connections::ws] sent liveness ping
[2025-03-07 00:41:00] debug [tunnels::connections::ws] received liveness pong
[2025-03-07 00:41:59] debug [tunnels::connections::ws] received liveness pong
[2025-03-07 00:42:59] debug [tunnels::connections::ws] sent liveness ping
[2025-03-07 00:42:59] debug [tunnels::connections::ws] received liveness pong
[2025-03-07 00:43:59] debug [tunnels::connections::ws] received liveness pong
[2025-03-07 00:44:59] debug [tunnels::connections::ws] sent liveness ping
[2025-03-07 00:44:59] debug [tunnels::connections::ws] received liveness pong
[2025-03-07 00:45:59] debug [tunnels::connections::ws] received liveness pong
[2025-03-07 00:46:59] debug [tunnels::connections::ws] sent liveness ping
[2025-03-07 00:46:59] debug [tunnels::connections::ws] received liveness pong
[2025-03-07 00:47:59] debug [tunnels::connections::ws] received liveness pong
[2025-03-07 00:48:59] debug [tunnels::connections::ws] sent liveness ping
[2025-03-07 00:48:59] debug [tunnels::connections::ws] received liveness pong
[2025-03-07 00:49:59] debug [tunnels::connections::ws] received liveness pong
[2025-03-07 00:50:59] debug [tunnels::connections::ws] sent liveness ping
[2025-03-07 00:50:59] debug [tunnels::connections::ws] received liveness pong
[2025-03-07 00:51:59] debug [tunnels::connections::ws] received liveness pong
[2025-03-07 00:52:59] debug [tunnels::connections::ws] sent liveness ping
[2025-03-07 00:52:59] debug [tunnels::connections::ws] received liveness pong
[2025-03-07 00:53:59] debug [tunnels::connections::ws] received liveness pong
[2025-03-07 00:54:59] debug [tunnels::connections::ws] sent liveness ping
[2025-03-07 00:54:59] debug [tunnels::connections::ws] received liveness pong
[2025-03-07 00:55:59] debug [tunnels::connections::ws] received liveness pong
[2025-03-07 00:56:59] debug [tunnels::connections::ws] sent liveness ping
[2025-03-07 00:56:59] debug [tunnels::connections::ws] received liveness pong
[2025-03-07 00:57:59] debug [tunnels::connections::ws] received liveness pong
[2025-03-07 00:58:59] debug [tunnels::connections::ws] sent liveness ping
[2025-03-07 00:58:59] debug [tunnels::connections::ws] received liveness pong
[2025-03-07 00:59:59] debug [tunnels::connections::ws] received liveness pong
[2025-03-07 01:00:59] debug [tunnels::connections::ws] sent liveness ping
[2025-03-07 01:00:59] debug [tunnels::connections::ws] received liveness pong
[2025-03-07 01:01:59] debug [tunnels::connections::ws] received liveness pong
[2025-03-07 01:02:59] debug [tunnels::connections::ws] sent liveness ping
[2025-03-07 01:02:59] debug [tunnels::connections::ws] received liveness pong
[2025-03-07 01:03:59] debug [tunnels::connections::ws] received liveness pong
[2025-03-07 01:04:20] debug [reqwest::connect] starting new connection: https://api.github.com/
[2025-03-07 01:04:20] trace token was successfully refreshed in keepalive
[2025-03-07 01:04:59] debug [tunnels::connections::ws] sent liveness ping
[2025-03-07 01:04:59] debug [tunnels::connections::ws] received liveness pong
[2025-03-07 01:05:59] debug [tunnels::connections::ws] received liveness pong
[2025-03-07 01:06:59] debug [tunnels::connections::ws] sent liveness ping
[2025-03-07 01:06:59] debug [tunnels::connections::ws] received liveness pong
[2025-03-07 01:07:59] debug [tunnels::connections::ws] received liveness pong
[2025-03-07 01:08:59] debug [tunnels::connections::ws] sent liveness ping
[2025-03-07 01:08:59] debug [tunnels::connections::ws] received liveness pong
[2025-03-07 01:09:59] debug [tunnels::connections::ws] received liveness pong
[2025-03-07 01:10:59] debug [tunnels::connections::ws] sent liveness ping
[2025-03-07 01:10:59] debug [tunnels::connections::ws] received liveness pong
[2025-03-07 01:11:59] debug [tunnels::connections::ws] received liveness pong
[2025-03-07 01:12:59] debug [tunnels::connections::ws] sent liveness ping
[2025-03-07 01:12:59] debug [tunnels::connections::ws] received liveness pong
[2025-03-07 01:13:59] debug [tunnels::connections::ws] sent liveness ping
[2025-03-07 01:13:59] debug [tunnels::connections::ws] received liveness pong
[2025-03-07 01:13:59] debug [tunnels::connections::ws] received liveness pong
[2025-03-07 01:14:59] debug [tunnels::connections::ws] sent liveness ping
[2025-03-07 01:14:59] debug [tunnels::connections::ws] received liveness pong
[2025-03-07 01:15:59] debug [tunnels::connections::ws] received liveness pong
[2025-03-07 01:16:59] debug [tunnels::connections::ws] sent liveness ping
[2025-03-07 01:16:59] debug [tunnels::connections::ws] received liveness pong
[2025-03-07 01:17:59] debug [tunnels::connections::ws] received liveness pong
[2025-03-07 01:18:59] debug [tunnels::connections::ws] sent liveness ping
[2025-03-07 01:18:59] debug [tunnels::connections::ws] received liveness pong
[2025-03-07 01:19:59] debug [tunnels::connections::ws] received liveness pong
[2025-03-07 01:20:59] debug [tunnels::connections::ws] sent liveness ping
[2025-03-07 01:20:59] debug [tunnels::connections::ws] received liveness pong
[2025-03-07 01:21:59] debug [tunnels::connections::ws] received liveness pong
[2025-03-07 01:22:59] debug [tunnels::connections::ws] sent liveness ping
[2025-03-07 01:22:59] debug [tunnels::connections::ws] received liveness pong
[2025-03-07 01:23:59] debug [tunnels::connections::ws] sent liveness ping
[2025-03-07 01:23:59] debug [tunnels::connections::ws] received liveness pong
[2025-03-07 01:23:59] debug [tunnels::connections::ws] received liveness pong
[2025-03-07 01:24:59] debug [tunnels::connections::ws] sent liveness ping
[2025-03-07 01:24:59] debug [tunnels::connections::ws] received liveness pong
[2025-03-07 01:25:59] debug [tunnels::connections::ws] received liveness pong
[2025-03-07 01:26:59] debug [tunnels::connections::ws] sent liveness ping
[2025-03-07 01:26:59] debug [tunnels::connections::ws] received liveness pong
[2025-03-07 01:27:59] debug [tunnels::connections::ws] sent liveness ping
[2025-03-07 01:27:59] debug [tunnels::connections::ws] received liveness pong
[2025-03-07 01:27:59] debug [tunnels::connections::ws] received liveness pong
[2025-03-07 01:28:59] debug [tunnels::connections::ws] sent liveness ping
[2025-03-07 01:28:59] debug [tunnels::connections::ws] received liveness pong
[2025-03-07 01:29:59] debug [tunnels::connections::ws] received liveness pong
[2025-03-07 01:30:59] debug [tunnels::connections::ws] sent liveness ping
[2025-03-07 01:30:59] debug [tunnels::connections::ws] received liveness pong
[2025-03-07 01:31:59] debug [tunnels::connections::ws] received liveness pong
[2025-03-07 01:32:59] debug [tunnels::connections::ws] sent liveness ping
[2025-03-07 01:32:59] debug [tunnels::connections::ws] received liveness pong
[2025-03-07 01:33:59] debug [tunnels::connections::ws] received liveness pong
[2025-03-07 01:34:59] debug [tunnels::connections::ws] sent liveness ping
[2025-03-07 01:34:59] debug [tunnels::connections::ws] received liveness pong
[2025-03-07 01:35:59] debug [tunnels::connections::ws] received liveness pong
[2025-03-07 01:36:59] debug [tunnels::connections::ws] sent liveness ping
[2025-03-07 01:36:59] debug [tunnels::connections::ws] received liveness pong
[2025-03-07 01:37:59] debug [tunnels::connections::ws] received liveness pong
[2025-03-07 01:38:59] debug [tunnels::connections::ws] sent liveness ping
[2025-03-07 01:38:59] debug [tunnels::connections::ws] received liveness pong
[2025-03-07 01:39:59] debug [tunnels::connections::ws] received liveness pong
[2025-03-07 01:40:59] debug [tunnels::connections::ws] sent liveness ping
[2025-03-07 01:40:59] debug [tunnels::connections::ws] received liveness pong
[2025-03-07 01:41:59] debug [tunnels::connections::ws] received liveness pong
[2025-03-07 01:42:59] debug [tunnels::connections::ws] sent liveness ping
[2025-03-07 01:42:59] debug [tunnels::connections::ws] received liveness pong
[2025-03-07 01:43:59] debug [tunnels::connections::ws] received liveness pong
[2025-03-07 01:44:59] debug [tunnels::connections::ws] sent liveness ping
[2025-03-07 01:44:59] debug [tunnels::connections::ws] received liveness pong
[2025-03-07 01:45:59] debug [tunnels::connections::ws] received liveness pong
[2025-03-07 01:46:59] debug [tunnels::connections::ws] sent liveness ping
[2025-03-07 01:46:59] debug [tunnels::connections::ws] received liveness pong
[2025-03-07 01:47:59] debug [tunnels::connections::ws] received liveness pong
[2025-03-07 01:48:59] debug [tunnels::connections::ws] sent liveness ping
[2025-03-07 01:48:59] debug [tunnels::connections::ws] received liveness pong
[2025-03-07 01:49:59] debug [tunnels::connections::ws] received liveness pong
[2025-03-07 01:50:59] debug [tunnels::connections::ws] sent liveness ping
[2025-03-07 01:50:59] debug [tunnels::connections::ws] received liveness pong
[2025-03-07 01:51:59] debug [tunnels::connections::ws] received liveness pong
[2025-03-07 01:52:59] debug [tunnels::connections::ws] sent liveness ping
[2025-03-07 01:52:59] debug [tunnels::connections::ws] received liveness pong
[2025-03-07 01:53:59] debug [tunnels::connections::ws] received liveness pong
[2025-03-07 01:54:59] debug [tunnels::connections::ws] sent liveness ping
[2025-03-07 01:54:59] debug [tunnels::connections::ws] received liveness pong
[2025-03-07 01:55:59] debug [tunnels::connections::ws] received liveness pong
[2025-03-07 01:56:59] debug [tunnels::connections::ws] sent liveness ping
[2025-03-07 01:56:59] debug [tunnels::connections::ws] received liveness pong
[2025-03-07 01:57:59] debug [tunnels::connections::ws] received liveness pong
[2025-03-07 01:58:59] debug [tunnels::connections::ws] sent liveness ping
[2025-03-07 01:58:59] debug [tunnels::connections::ws] received liveness pong
[2025-03-07 01:59:59] debug [tunnels::connections::ws] received liveness pong
[2025-03-07 02:00:59] debug [tunnels::connections::ws] sent liveness ping
[2025-03-07 02:00:59] debug [tunnels::connections::ws] received liveness pong
[2025-03-07 02:01:59] debug [tunnels::connections::ws] received liveness pong
[2025-03-07 02:02:59] debug [tunnels::connections::ws] sent liveness ping
[2025-03-07 02:02:59] debug [tunnels::connections::ws] received liveness pong
[2025-03-07 02:03:59] debug [tunnels::connections::ws] received liveness pong
[2025-03-07 02:04:20] debug [reqwest::connect] starting new connection: https://api.github.com/
[2025-03-07 02:04:20] trace token was successfully refreshed in keepalive
[2025-03-07 02:04:59] debug [tunnels::connections::ws] sent liveness ping
[2025-03-07 02:04:59] debug [tunnels::connections::ws] received liveness pong
[2025-03-07 02:05:59] debug [tunnels::connections::ws] received liveness pong
[2025-03-07 02:06:59] debug [tunnels::connections::ws] sent liveness ping
[2025-03-07 02:06:59] debug [tunnels::connections::ws] received liveness pong
[2025-03-07 02:07:59] debug [tunnels::connections::ws] received liveness pong
[2025-03-07 02:08:59] debug [tunnels::connections::ws] sent liveness ping
[2025-03-07 02:08:59] debug [tunnels::connections::ws] received liveness pong
[2025-03-07 02:09:59] debug [tunnels::connections::ws] received liveness pong
[2025-03-07 02:10:59] debug [tunnels::connections::ws] sent liveness ping
[2025-03-07 02:10:59] debug [tunnels::connections::ws] received liveness pong
[2025-03-07 02:11:59] debug [tunnels::connections::ws] received liveness pong
[2025-03-07 02:12:59] debug [tunnels::connections::ws] sent liveness ping
[2025-03-07 02:12:59] debug [tunnels::connections::ws] received liveness pong
[2025-03-07 02:13:59] debug [tunnels::connections::ws] received liveness pong
[2025-03-07 02:14:59] debug [tunnels::connections::ws] sent liveness ping
[2025-03-07 02:14:59] debug [tunnels::connections::ws] received liveness pong
[2025-03-07 02:15:59] debug [tunnels::connections::ws] received liveness pong
[2025-03-07 02:16:59] debug [tunnels::connections::ws] sent liveness ping
[2025-03-07 02:16:59] debug [tunnels::connections::ws] received liveness pong
[2025-03-07 02:17:59] debug [tunnels::connections::ws] received liveness pong
[2025-03-07 02:18:59] debug [tunnels::connections::ws] sent liveness ping
[2025-03-07 02:18:59] debug [tunnels::connections::ws] received liveness pong
[2025-03-07 02:19:59] debug [tunnels::connections::ws] received liveness pong
[2025-03-07 02:20:59] debug [tunnels::connections::ws] sent liveness ping
[2025-03-07 02:20:59] debug [tunnels::connections::ws] received liveness pong
[2025-03-07 02:21:59] debug [tunnels::connections::ws] received liveness pong
[2025-03-07 02:22:59] debug [tunnels::connections::ws] sent liveness ping
[2025-03-07 02:22:59] debug [tunnels::connections::ws] received liveness pong
[2025-03-07 02:23:59] debug [tunnels::connections::ws] received liveness pong
[2025-03-07 02:24:59] debug [tunnels::connections::ws] sent liveness ping
[2025-03-07 02:24:59] debug [tunnels::connections::ws] received liveness pong
[2025-03-07 02:25:59] debug [tunnels::connections::ws] received liveness pong
[2025-03-07 02:26:59] debug [tunnels::connections::ws] sent liveness ping
[2025-03-07 02:26:59] debug [tunnels::connections::ws] received liveness pong
[2025-03-07 02:27:59] debug [tunnels::connections::ws] received liveness pong
[2025-03-07 02:28:59] debug [tunnels::connections::ws] sent liveness ping
[2025-03-07 02:28:59] debug [tunnels::connections::ws] received liveness pong
[2025-03-07 02:29:59] debug [tunnels::connections::ws] received liveness pong
[2025-03-07 02:30:59] debug [tunnels::connections::ws] sent liveness ping
[2025-03-07 02:30:59] debug [tunnels::connections::ws] received liveness pong
[2025-03-07 02:31:59] debug [tunnels::connections::ws] received liveness pong
[2025-03-07 02:32:59] debug [tunnels::connections::ws] sent liveness ping
[2025-03-07 02:32:59] debug [tunnels::connections::ws] received liveness pong
[2025-03-07 02:33:59] debug [tunnels::connections::ws] received liveness pong
[2025-03-07 02:34:59] debug [tunnels::connections::ws] sent liveness ping
[2025-03-07 02:34:59] debug [tunnels::connections::ws] received liveness pong
[2025-03-07 02:35:59] debug [tunnels::connections::ws] received liveness pong
[2025-03-07 02:36:59] debug [tunnels::connections::ws] sent liveness ping
[2025-03-07 02:36:59] debug [tunnels::connections::ws] received liveness pong
[2025-03-07 02:37:59] debug [tunnels::connections::ws] received liveness pong
[2025-03-07 02:38:59] debug [tunnels::connections::ws] sent liveness ping
[2025-03-07 02:38:59] debug [tunnels::connections::ws] received liveness pong
[2025-03-07 02:39:59] debug [tunnels::connections::ws] received liveness pong
[2025-03-07 02:40:59] debug [tunnels::connections::ws] sent liveness ping
[2025-03-07 02:40:59] debug [tunnels::connections::ws] received liveness pong
[2025-03-07 02:41:59] debug [tunnels::connections::ws] received liveness pong
[2025-03-07 02:42:59] debug [tunnels::connections::ws] sent liveness ping
[2025-03-07 02:42:59] debug [tunnels::connections::ws] received liveness pong
[2025-03-07 02:43:59] debug [tunnels::connections::ws] received liveness pong
[2025-03-07 02:44:59] debug [tunnels::connections::ws] sent liveness ping
[2025-03-07 02:44:59] debug [tunnels::connections::ws] received liveness pong
[2025-03-07 02:45:59] debug [tunnels::connections::ws] received liveness pong
[2025-03-07 02:46:59] debug [tunnels::connections::ws] sent liveness ping
[2025-03-07 02:46:59] debug [tunnels::connections::ws] received liveness pong
[2025-03-07 02:47:59] debug [tunnels::connections::ws] received liveness pong
[2025-03-07 02:48:59] debug [tunnels::connections::ws] sent liveness ping
[2025-03-07 02:48:59] debug [tunnels::connections::ws] received liveness pong
[2025-03-07 02:49:59] debug [tunnels::connections::ws] received liveness pong
[2025-03-07 02:50:59] debug [tunnels::connections::ws] sent liveness ping
[2025-03-07 02:50:59] debug [tunnels::connections::ws] received liveness pong
[2025-03-07 02:51:59] debug [tunnels::connections::ws] received liveness pong
[2025-03-07 02:52:59] debug [tunnels::connections::ws] sent liveness ping
[2025-03-07 02:52:59] debug [tunnels::connections::ws] received liveness pong
[2025-03-07 02:53:59] debug [tunnels::connections::ws] received liveness pong
[2025-03-07 02:54:59] debug [tunnels::connections::ws] sent liveness ping
[2025-03-07 02:54:59] debug [tunnels::connections::ws] received liveness pong
[2025-03-07 02:55:59] debug [tunnels::connections::ws] received liveness pong
[2025-03-07 02:56:59] debug [tunnels::connections::ws] sent liveness ping
[2025-03-07 02:56:59] debug [tunnels::connections::ws] received liveness pong
[2025-03-07 02:57:59] debug [tunnels::connections::ws] received liveness pong
[2025-03-07 02:58:59] debug [tunnels::connections::ws] sent liveness ping
[2025-03-07 02:58:59] debug [tunnels::connections::ws] received liveness pong
[2025-03-07 02:59:59] debug [tunnels::connections::ws] received liveness pong
[2025-03-07 03:00:59] debug [tunnels::connections::ws] sent liveness ping
[2025-03-07 03:00:59] debug [tunnels::connections::ws] received liveness pong
[2025-03-07 03:01:59] debug [tunnels::connections::ws] received liveness pong
[2025-03-07 03:02:59] debug [tunnels::connections::ws] sent liveness ping
[2025-03-07 03:02:59] debug [tunnels::connections::ws] received liveness pong
[2025-03-07 03:03:59] debug [tunnels::connections::ws] received liveness pong
[2025-03-07 03:04:20] debug [reqwest::connect] starting new connection: https://api.github.com/
[2025-03-07 03:04:21] trace token was successfully refreshed in keepalive
[2025-03-07 03:04:59] debug [tunnels::connections::ws] sent liveness ping
[2025-03-07 03:04:59] debug [tunnels::connections::ws] received liveness pong
[2025-03-07 03:05:59] debug [tunnels::connections::ws] received liveness pong
[2025-03-07 03:06:59] debug [tunnels::connections::ws] sent liveness ping
[2025-03-07 03:06:59] debug [tunnels::connections::ws] received liveness pong
[2025-03-07 03:07:59] debug [tunnels::connections::ws] received liveness pong
[2025-03-07 03:08:59] debug [tunnels::connections::ws] sent liveness ping
[2025-03-07 03:08:59] debug [tunnels::connections::ws] received liveness pong
[2025-03-07 03:09:59] debug [tunnels::connections::ws] received liveness pong
[2025-03-07 03:10:59] debug [tunnels::connections::ws] sent liveness ping
[2025-03-07 03:10:59] debug [tunnels::connections::ws] received liveness pong
[2025-03-07 03:11:59] debug [tunnels::connections::ws] received liveness pong
[2025-03-07 03:12:59] debug [tunnels::connections::ws] sent liveness ping
[2025-03-07 03:12:59] debug [tunnels::connections::ws] received liveness pong
[2025-03-07 03:13:59] debug [tunnels::connections::ws] received liveness pong
[2025-03-07 03:14:59] debug [tunnels::connections::ws] sent liveness ping
[2025-03-07 03:14:59] debug [tunnels::connections::ws] received liveness pong
[2025-03-07 03:15:59] debug [tunnels::connections::ws] received liveness pong
[2025-03-07 03:16:59] debug [tunnels::connections::ws] sent liveness ping
[2025-03-07 03:16:59] debug [tunnels::connections::ws] received liveness pong
[2025-03-07 03:17:59] debug [tunnels::connections::ws] received liveness pong
[2025-03-07 03:18:59] debug [tunnels::connections::ws] sent liveness ping
[2025-03-07 03:18:59] debug [tunnels::connections::ws] received liveness pong
[2025-03-07 03:19:59] debug [tunnels::connections::ws] received liveness pong
[2025-03-07 03:20:59] debug [tunnels::connections::ws] sent liveness ping
[2025-03-07 03:20:59] debug [tunnels::connections::ws] received liveness pong
[2025-03-07 03:21:59] debug [tunnels::connections::ws] received liveness pong
[2025-03-07 03:22:59] debug [tunnels::connections::ws] sent liveness ping
[2025-03-07 03:22:59] debug [tunnels::connections::ws] received liveness pong
[2025-03-07 03:23:59] debug [tunnels::connections::ws] received liveness pong
[2025-03-07 03:24:59] debug [tunnels::connections::ws] sent liveness ping
[2025-03-07 03:24:59] debug [tunnels::connections::ws] received liveness pong
[2025-03-07 03:25:59] debug [tunnels::connections::ws] received liveness pong
[2025-03-07 03:26:59] debug [tunnels::connections::ws] sent liveness ping
[2025-03-07 03:26:59] debug [tunnels::connections::ws] received liveness pong
[2025-03-07 03:27:59] debug [tunnels::connections::ws] received liveness pong
[2025-03-07 03:28:59] debug [tunnels::connections::ws] sent liveness ping
[2025-03-07 03:28:59] debug [tunnels::connections::ws] received liveness pong
[2025-03-07 03:29:59] debug [tunnels::connections::ws] received liveness pong
[2025-03-07 03:30:59] debug [tunnels::connections::ws] sent liveness ping
[2025-03-07 03:30:59] debug [tunnels::connections::ws] received liveness pong
[2025-03-07 03:31:59] debug [tunnels::connections::ws] received liveness pong
[2025-03-07 03:32:59] debug [tunnels::connections::ws] sent liveness ping
[2025-03-07 03:32:59] debug [tunnels::connections::ws] received liveness pong
[2025-03-07 03:33:59] debug [tunnels::connections::ws] received liveness pong
[2025-03-07 03:34:59] debug [tunnels::connections::ws] sent liveness ping
[2025-03-07 03:34:59] debug [tunnels::connections::ws] received liveness pong
[2025-03-07 03:35:59] debug [tunnels::connections::ws] received liveness pong
[2025-03-07 03:36:59] debug [tunnels::connections::ws] sent liveness ping
[2025-03-07 03:36:59] debug [tunnels::connections::ws] received liveness pong
[2025-03-07 03:37:59] debug [tunnels::connections::ws] received liveness pong
[2025-03-07 03:38:59] debug [tunnels::connections::ws] sent liveness ping
[2025-03-07 03:38:59] debug [tunnels::connections::ws] received liveness pong
[2025-03-07 03:39:59] debug [tunnels::connections::ws] received liveness pong
[2025-03-07 03:40:59] debug [tunnels::connections::ws] sent liveness ping
[2025-03-07 03:40:59] debug [tunnels::connections::ws] received liveness pong
[2025-03-07 03:41:59] debug [tunnels::connections::ws] received liveness pong
[2025-03-07 03:42:59] debug [tunnels::connections::ws] sent liveness ping
[2025-03-07 03:42:59] debug [tunnels::connections::ws] received liveness pong
[2025-03-07 03:43:59] debug [tunnels::connections::ws] received liveness pong
[2025-03-07 03:44:59] debug [tunnels::connections::ws] sent liveness ping
[2025-03-07 03:44:59] debug [tunnels::connections::ws] received liveness pong
[2025-03-07 03:45:59] debug [tunnels::connections::ws] received liveness pong
[2025-03-07 03:46:59] debug [tunnels::connections::ws] sent liveness ping
[2025-03-07 03:46:59] debug [tunnels::connections::ws] received liveness pong
[2025-03-07 03:47:59] debug [tunnels::connections::ws] received liveness pong
[2025-03-07 03:48:59] debug [tunnels::connections::ws] sent liveness ping
[2025-03-07 03:48:59] debug [tunnels::connections::ws] received liveness pong
[2025-03-07 03:49:59] debug [tunnels::connections::ws] received liveness pong
[2025-03-07 03:50:59] debug [tunnels::connections::ws] sent liveness ping
[2025-03-07 03:50:59] debug [tunnels::connections::ws] received liveness pong
[2025-03-07 03:51:59] debug [tunnels::connections::ws] received liveness pong
[2025-03-07 03:52:59] debug [tunnels::connections::ws] sent liveness ping
[2025-03-07 03:52:59] debug [tunnels::connections::ws] received liveness pong
[2025-03-07 03:53:59] debug [tunnels::connections::ws] received liveness pong
[2025-03-07 03:54:59] debug [tunnels::connections::ws] sent liveness ping
[2025-03-07 03:54:59] debug [tunnels::connections::ws] received liveness pong
[2025-03-07 03:55:59] debug [tunnels::connections::ws] received liveness pong
[2025-03-07 03:56:59] debug [tunnels::connections::ws] sent liveness ping
[2025-03-07 03:56:59] debug [tunnels::connections::ws] received liveness pong
[2025-03-07 03:57:59] debug [tunnels::connections::ws] received liveness pong
[2025-03-07 03:58:59] debug [tunnels::connections::ws] sent liveness ping
[2025-03-07 03:58:59] debug [tunnels::connections::ws] received liveness pong
[2025-03-07 03:59:59] debug [tunnels::connections::ws] received liveness pong
[2025-03-07 04:00:59] debug [tunnels::connections::ws] sent liveness ping
[2025-03-07 04:00:59] debug [tunnels::connections::ws] received liveness pong
[2025-03-07 04:01:59] debug [tunnels::connections::ws] received liveness pong
[2025-03-07 04:02:59] debug [tunnels::connections::ws] sent liveness ping
[2025-03-07 04:02:59] debug [tunnels::connections::ws] received liveness pong
[2025-03-07 04:03:59] debug [tunnels::connections::ws] received liveness pong
[2025-03-07 04:04:21] debug [reqwest::connect] starting new connection: https://api.github.com/
[2025-03-07 04:04:21] trace token was successfully refreshed in keepalive
[2025-03-07 04:04:59] debug [tunnels::connections::ws] sent liveness ping
[2025-03-07 04:04:59] debug [tunnels::connections::ws] received liveness pong
[2025-03-07 04:05:59] debug [tunnels::connections::ws] received liveness pong
[2025-03-07 04:06:59] debug [tunnels::connections::ws] sent liveness ping
[2025-03-07 04:06:59] debug [tunnels::connections::ws] received liveness pong
[2025-03-07 04:07:59] debug [tunnels::connections::ws] received liveness pong
[2025-03-07 04:08:59] debug [tunnels::connections::ws] sent liveness ping
[2025-03-07 04:08:59] debug [tunnels::connections::ws] received liveness pong
[2025-03-07 04:09:59] debug [tunnels::connections::ws] received liveness pong
[2025-03-07 04:10:59] debug [tunnels::connections::ws] sent liveness ping
[2025-03-07 04:10:59] debug [tunnels::connections::ws] received liveness pong
[2025-03-07 04:11:59] debug [tunnels::connections::ws] received liveness pong
[2025-03-07 04:12:59] debug [tunnels::connections::ws] sent liveness ping
[2025-03-07 04:12:59] debug [tunnels::connections::ws] received liveness pong
[2025-03-07 04:13:59] debug [tunnels::connections::ws] received liveness pong
[2025-03-07 04:14:59] debug [tunnels::connections::ws] sent liveness ping
[2025-03-07 04:14:59] debug [tunnels::connections::ws] received liveness pong
[2025-03-07 04:15:59] debug [tunnels::connections::ws] received liveness pong
[2025-03-07 04:16:59] debug [tunnels::connections::ws] sent liveness ping
[2025-03-07 04:16:59] debug [tunnels::connections::ws] received liveness pong
[2025-03-07 04:17:59] debug [tunnels::connections::ws] received liveness pong
[2025-03-07 04:18:59] debug [tunnels::connections::ws] sent liveness ping
[2025-03-07 04:18:59] debug [tunnels::connections::ws] received liveness pong
[2025-03-07 04:19:59] debug [tunnels::connections::ws] received liveness pong
[2025-03-07 04:20:59] debug [tunnels::connections::ws] sent liveness ping
[2025-03-07 04:20:59] debug [tunnels::connections::ws] received liveness pong
[2025-03-07 04:21:59] debug [tunnels::connections::ws] received liveness pong
[2025-03-07 04:22:59] debug [tunnels::connections::ws] sent liveness ping
[2025-03-07 04:22:59] debug [tunnels::connections::ws] received liveness pong
[2025-03-07 04:23:59] debug [tunnels::connections::ws] received liveness pong
[2025-03-07 04:24:59] debug [tunnels::connections::ws] sent liveness ping
[2025-03-07 04:24:59] debug [tunnels::connections::ws] received liveness pong
[2025-03-07 04:25:59] debug [tunnels::connections::ws] received liveness pong
[2025-03-07 04:26:59] debug [tunnels::connections::ws] sent liveness ping
[2025-03-07 04:26:59] debug [tunnels::connections::ws] received liveness pong
[2025-03-07 04:27:59] debug [tunnels::connections::ws] received liveness pong
[2025-03-07 04:28:59] debug [tunnels::connections::ws] sent liveness ping
[2025-03-07 04:28:59] debug [tunnels::connections::ws] received liveness pong
[2025-03-07 04:29:59] debug [tunnels::connections::ws] received liveness pong
[2025-03-07 04:30:59] debug [tunnels::connections::ws] sent liveness ping
[2025-03-07 04:30:59] debug [tunnels::connections::ws] received liveness pong
[2025-03-07 04:31:59] debug [tunnels::connections::ws] received liveness pong
[2025-03-07 04:32:59] debug [tunnels::connections::ws] sent liveness ping
[2025-03-07 04:32:59] debug [tunnels::connections::ws] received liveness pong
[2025-03-07 04:33:59] debug [tunnels::connections::ws] received liveness pong
[2025-03-07 04:34:59] debug [tunnels::connections::ws] sent liveness ping
[2025-03-07 04:34:59] debug [tunnels::connections::ws] received liveness pong
[2025-03-07 04:35:59] debug [tunnels::connections::ws] received liveness pong
[2025-03-07 04:36:59] debug [tunnels::connections::ws] sent liveness ping
[2025-03-07 04:36:59] debug [tunnels::connections::ws] received liveness pong
[2025-03-07 04:37:59] debug [tunnels::connections::ws] received liveness pong
[2025-03-07 04:38:59] debug [tunnels::connections::ws] sent liveness ping
[2025-03-07 04:38:59] debug [tunnels::connections::ws] received liveness pong
[2025-03-07 04:39:59] debug [tunnels::connections::ws] received liveness pong
[2025-03-07 04:40:59] debug [tunnels::connections::ws] sent liveness ping
[2025-03-07 04:40:59] debug [tunnels::connections::ws] received liveness pong
[2025-03-07 04:41:59] debug [tunnels::connections::ws] received liveness pong
[2025-03-07 04:42:59] debug [tunnels::connections::ws] sent liveness ping
[2025-03-07 04:42:59] debug [tunnels::connections::ws] received liveness pong
[2025-03-07 04:43:59] debug [tunnels::connections::ws] received liveness pong
[2025-03-07 04:44:59] debug [tunnels::connections::ws] sent liveness ping
[2025-03-07 04:44:59] debug [tunnels::connections::ws] received liveness pong
[2025-03-07 04:45:59] debug [tunnels::connections::ws] received liveness pong
[2025-03-07 04:46:59] debug [tunnels::connections::ws] sent liveness ping
[2025-03-07 04:46:59] debug [tunnels::connections::ws] received liveness pong
[2025-03-07 04:47:59] debug [tunnels::connections::ws] received liveness pong
[2025-03-07 04:48:59] debug [tunnels::connections::ws] sent liveness ping
[2025-03-07 04:48:59] debug [tunnels::connections::ws] received liveness pong
[2025-03-07 04:49:59] debug [tunnels::connections::ws] received liveness pong
[2025-03-07 04:50:59] debug [tunnels::connections::ws] sent liveness ping
[2025-03-07 04:50:59] debug [tunnels::connections::ws] received liveness pong
[2025-03-07 04:51:59] debug [tunnels::connections::ws] received liveness pong
[2025-03-07 04:52:59] debug [tunnels::connections::ws] sent liveness ping
[2025-03-07 04:52:59] debug [tunnels::connections::ws] received liveness pong
[2025-03-07 04:53:59] debug [tunnels::connections::ws] received liveness pong
[2025-03-07 04:54:59] debug [tunnels::connections::ws] sent liveness ping
[2025-03-07 04:54:59] debug [tunnels::connections::ws] received liveness pong
[2025-03-07 04:55:59] debug [tunnels::connections::ws] received liveness pong
[2025-03-07 04:56:59] debug [tunnels::connections::ws] sent liveness ping
[2025-03-07 04:56:59] debug [tunnels::connections::ws] received liveness pong
[2025-03-07 04:57:59] debug [tunnels::connections::ws] received liveness pong
[2025-03-07 04:58:59] debug [tunnels::connections::ws] sent liveness ping
[2025-03-07 04:58:59] debug [tunnels::connections::ws] received liveness pong
[2025-03-07 04:59:59] debug [tunnels::connections::ws] received liveness pong
[2025-03-07 05:00:59] debug [tunnels::connections::ws] sent liveness ping
[2025-03-07 05:00:59] debug [tunnels::connections::ws] received liveness pong
[2025-03-07 05:01:59] debug [tunnels::connections::ws] received liveness pong
[2025-03-07 05:02:59] debug [tunnels::connections::ws] sent liveness ping
[2025-03-07 05:02:59] debug [tunnels::connections::ws] received liveness pong
[2025-03-07 05:03:59] debug [tunnels::connections::ws] received liveness pong
[2025-03-07 05:04:21] debug [reqwest::connect] starting new connection: https://api.github.com/
[2025-03-07 05:04:22] trace token was successfully refreshed in keepalive
[2025-03-07 05:04:59] debug [tunnels::connections::ws] sent liveness ping
[2025-03-07 05:04:59] debug [tunnels::connections::ws] received liveness pong
[2025-03-07 05:05:59] debug [tunnels::connections::ws] received liveness pong
[2025-03-07 05:06:59] debug [tunnels::connections::ws] sent liveness ping
[2025-03-07 05:06:59] debug [tunnels::connections::ws] received liveness pong
[2025-03-07 05:07:59] debug [tunnels::connections::ws] received liveness pong
[2025-03-07 05:08:59] debug [tunnels::connections::ws] sent liveness ping
[2025-03-07 05:08:59] debug [tunnels::connections::ws] received liveness pong
[2025-03-07 05:09:59] debug [tunnels::connections::ws] received liveness pong
[2025-03-07 05:10:59] debug [tunnels::connections::ws] sent liveness ping
[2025-03-07 05:10:59] debug [tunnels::connections::ws] received liveness pong
[2025-03-07 05:11:59] debug [tunnels::connections::ws] received liveness pong
[2025-03-07 05:12:59] debug [tunnels::connections::ws] sent liveness ping
[2025-03-07 05:12:59] debug [tunnels::connections::ws] received liveness pong
[2025-03-07 05:13:59] debug [tunnels::connections::ws] received liveness pong
[2025-03-07 05:14:59] debug [tunnels::connections::ws] sent liveness ping
[2025-03-07 05:14:59] debug [tunnels::connections::ws] received liveness pong
[2025-03-07 05:15:59] debug [tunnels::connections::ws] received liveness pong
[2025-03-07 05:16:59] debug [tunnels::connections::ws] sent liveness ping
[2025-03-07 05:16:59] debug [tunnels::connections::ws] received liveness pong
[2025-03-07 05:17:59] debug [tunnels::connections::ws] received liveness pong
[2025-03-07 05:18:59] debug [tunnels::connections::ws] sent liveness ping
[2025-03-07 05:18:59] debug [tunnels::connections::ws] received liveness pong
[2025-03-07 05:19:59] debug [tunnels::connections::ws] received liveness pong
[2025-03-07 05:20:59] debug [tunnels::connections::ws] sent liveness ping
[2025-03-07 05:20:59] debug [tunnels::connections::ws] received liveness pong
[2025-03-07 05:21:59] debug [tunnels::connections::ws] received liveness pong
[2025-03-07 05:22:59] debug [tunnels::connections::ws] sent liveness ping
[2025-03-07 05:22:59] debug [tunnels::connections::ws] received liveness pong
[2025-03-07 05:23:59] debug [tunnels::connections::ws] received liveness pong
[2025-03-07 05:24:59] debug [tunnels::connections::ws] sent liveness ping
[2025-03-07 05:24:59] debug [tunnels::connections::ws] received liveness pong
[2025-03-07 05:25:59] debug [tunnels::connections::ws] received liveness pong
[2025-03-07 05:26:59] debug [tunnels::connections::ws] sent liveness ping
[2025-03-07 05:26:59] debug [tunnels::connections::ws] received liveness pong
[2025-03-07 05:27:59] debug [tunnels::connections::ws] received liveness pong
[2025-03-07 05:28:59] debug [tunnels::connections::ws] sent liveness ping
[2025-03-07 05:28:59] debug [tunnels::connections::ws] received liveness pong
[2025-03-07 05:29:59] debug [tunnels::connections::ws] received liveness pong
[2025-03-07 05:30:59] debug [tunnels::connections::ws] sent liveness ping
[2025-03-07 05:30:59] debug [tunnels::connections::ws] received liveness pong
[2025-03-07 05:31:59] debug [tunnels::connections::ws] received liveness pong
[2025-03-07 05:32:59] debug [tunnels::connections::ws] sent liveness ping
[2025-03-07 05:32:59] debug [tunnels::connections::ws] received liveness pong
[2025-03-07 05:33:59] debug [tunnels::connections::ws] received liveness pong
[2025-03-07 05:34:59] debug [tunnels::connections::ws] sent liveness ping
[2025-03-07 05:34:59] debug [tunnels::connections::ws] received liveness pong
[2025-03-07 05:35:59] debug [tunnels::connections::ws] received liveness pong
[2025-03-07 05:36:59] debug [tunnels::connections::ws] sent liveness ping
[2025-03-07 05:36:59] debug [tunnels::connections::ws] received liveness pong
[2025-03-07 05:37:59] debug [tunnels::connections::ws] received liveness pong
[2025-03-07 05:38:59] debug [tunnels::connections::ws] sent liveness ping
[2025-03-07 05:38:59] debug [tunnels::connections::ws] received liveness pong
[2025-03-07 05:39:59] debug [tunnels::connections::ws] received liveness pong
[2025-03-07 05:40:59] debug [tunnels::connections::ws] sent liveness ping
[2025-03-07 05:40:59] debug [tunnels::connections::ws] received liveness pong
[2025-03-07 05:41:59] debug [tunnels::connections::ws] received liveness pong
[2025-03-07 05:42:59] debug [tunnels::connections::ws] sent liveness ping
[2025-03-07 05:42:59] debug [tunnels::connections::ws] received liveness pong
[2025-03-07 05:43:59] debug [tunnels::connections::ws] received liveness pong
[2025-03-07 05:44:59] debug [tunnels::connections::ws] sent liveness ping
[2025-03-07 05:44:59] debug [tunnels::connections::ws] received liveness pong
[2025-03-07 05:45:59] debug [tunnels::connections::ws] received liveness pong
[2025-03-07 05:46:59] debug [tunnels::connections::ws] sent liveness ping
[2025-03-07 05:46:59] debug [tunnels::connections::ws] received liveness pong
[2025-03-07 05:47:59] debug [tunnels::connections::ws] received liveness pong
[2025-03-07 05:48:59] debug [tunnels::connections::ws] sent liveness ping
[2025-03-07 05:48:59] debug [tunnels::connections::ws] received liveness pong
[2025-03-07 05:49:59] debug [tunnels::connections::ws] received liveness pong
[2025-03-07 05:50:59] debug [tunnels::connections::ws] sent liveness ping
[2025-03-07 05:50:59] debug [tunnels::connections::ws] received liveness pong
[2025-03-07 05:51:59] debug [tunnels::connections::ws] received liveness pong
[2025-03-07 05:52:59] debug [tunnels::connections::ws] sent liveness ping
[2025-03-07 05:52:59] debug [tunnels::connections::ws] received liveness pong
[2025-03-07 05:53:59] debug [tunnels::connections::ws] received liveness pong
[2025-03-07 05:54:59] debug [tunnels::connections::ws] sent liveness ping
[2025-03-07 05:54:59] debug [tunnels::connections::ws] received liveness pong
[2025-03-07 05:55:59] debug [tunnels::connections::ws] received liveness pong
[2025-03-07 05:56:59] debug [tunnels::connections::ws] sent liveness ping
[2025-03-07 05:56:59] debug [tunnels::connections::ws] received liveness pong
[2025-03-07 05:57:59] debug [tunnels::connections::ws] received liveness pong
[2025-03-07 05:58:59] debug [tunnels::connections::ws] sent liveness ping
[2025-03-07 05:58:59] debug [tunnels::connections::ws] received liveness pong
[2025-03-07 05:59:59] debug [tunnels::connections::ws] received liveness pong
[2025-03-07 06:00:59] debug [tunnels::connections::ws] sent liveness ping
[2025-03-07 06:00:59] debug [tunnels::connections::ws] received liveness pong
[2025-03-07 06:01:59] debug [tunnels::connections::ws] received liveness pong
[2025-03-07 06:02:59] debug [tunnels::connections::ws] sent liveness ping
[2025-03-07 06:02:59] debug [tunnels::connections::ws] received liveness pong
[2025-03-07 06:03:59] debug [tunnels::connections::ws] received liveness pong
[2025-03-07 06:04:22] debug [reqwest::connect] starting new connection: https://api.github.com/
[2025-03-07 06:04:22] trace token was successfully refreshed in keepalive
[2025-03-07 06:04:59] debug [tunnels::connections::ws] sent liveness ping
[2025-03-07 06:04:59] debug [tunnels::connections::ws] received liveness pong
[2025-03-07 06:05:59] debug [tunnels::connections::ws] received liveness pong
[2025-03-07 06:06:59] debug [tunnels::connections::ws] sent liveness ping
[2025-03-07 06:06:59] debug [tunnels::connections::ws] received liveness pong
[2025-03-07 06:07:59] debug [tunnels::connections::ws] received liveness pong
[2025-03-07 06:08:59] debug [tunnels::connections::ws] sent liveness ping
[2025-03-07 06:08:59] debug [tunnels::connections::ws] received liveness pong
[2025-03-07 06:09:59] debug [tunnels::connections::ws] received liveness pong
[2025-03-07 06:10:59] debug [tunnels::connections::ws] sent liveness ping
[2025-03-07 06:10:59] debug [tunnels::connections::ws] received liveness pong
[2025-03-07 06:11:59] debug [tunnels::connections::ws] received liveness pong
[2025-03-07 06:12:59] debug [tunnels::connections::ws] sent liveness ping
[2025-03-07 06:12:59] debug [tunnels::connections::ws] received liveness pong
[2025-03-07 06:13:59] debug [tunnels::connections::ws] received liveness pong
[2025-03-07 06:14:59] debug [tunnels::connections::ws] sent liveness ping
[2025-03-07 06:14:59] debug [tunnels::connections::ws] received liveness pong
[2025-03-07 06:15:59] debug [tunnels::connections::ws] received liveness pong
[2025-03-07 06:16:59] debug [tunnels::connections::ws] sent liveness ping
[2025-03-07 06:16:59] debug [tunnels::connections::ws] received liveness pong
[2025-03-07 06:17:59] debug [tunnels::connections::ws] received liveness pong
[2025-03-07 06:18:59] debug [tunnels::connections::ws] sent liveness ping
[2025-03-07 06:18:59] debug [tunnels::connections::ws] received liveness pong
[2025-03-07 06:19:59] debug [tunnels::connections::ws] received liveness pong
[2025-03-07 06:20:59] debug [tunnels::connections::ws] sent liveness ping
[2025-03-07 06:20:59] debug [tunnels::connections::ws] received liveness pong
[2025-03-07 06:21:59] debug [tunnels::connections::ws] received liveness pong
[2025-03-07 06:22:59] debug [tunnels::connections::ws] sent liveness ping
[2025-03-07 06:22:59] debug [tunnels::connections::ws] received liveness pong
[2025-03-07 06:23:59] debug [tunnels::connections::ws] received liveness pong
[2025-03-07 06:24:59] debug [tunnels::connections::ws] sent liveness ping
[2025-03-07 06:24:59] debug [tunnels::connections::ws] received liveness pong
[2025-03-07 06:25:59] debug [tunnels::connections::ws] received liveness pong
[2025-03-07 06:26:59] debug [tunnels::connections::ws] sent liveness ping
[2025-03-07 06:26:59] debug [tunnels::connections::ws] received liveness pong
[2025-03-07 06:27:59] debug [tunnels::connections::ws] received liveness pong
[2025-03-07 06:28:59] debug [tunnels::connections::ws] sent liveness ping
[2025-03-07 06:28:59] debug [tunnels::connections::ws] received liveness pong
[2025-03-07 06:29:59] debug [tunnels::connections::ws] received liveness pong
[2025-03-07 06:30:59] debug [tunnels::connections::ws] sent liveness ping
[2025-03-07 06:30:59] debug [tunnels::connections::ws] received liveness pong
[2025-03-07 06:31:59] debug [tunnels::connections::ws] received liveness pong
[2025-03-07 06:32:59] debug [tunnels::connections::ws] sent liveness ping
[2025-03-07 06:32:59] debug [tunnels::connections::ws] received liveness pong
[2025-03-07 06:33:59] debug [tunnels::connections::ws] received liveness pong
[2025-03-07 06:34:59] debug [tunnels::connections::ws] sent liveness ping
[2025-03-07 06:34:59] debug [tunnels::connections::ws] received liveness pong
[2025-03-07 06:35:59] debug [tunnels::connections::ws] received liveness pong
[2025-03-07 06:36:59] debug [tunnels::connections::ws] sent liveness ping
[2025-03-07 06:36:59] debug [tunnels::connections::ws] received liveness pong
[2025-03-07 06:37:59] debug [tunnels::connections::ws] received liveness pong
[2025-03-07 06:38:59] debug [tunnels::connections::ws] sent liveness ping
[2025-03-07 06:38:59] debug [tunnels::connections::ws] received liveness pong
[2025-03-07 06:39:59] debug [tunnels::connections::ws] received liveness pong
[2025-03-07 06:40:59] debug [tunnels::connections::ws] sent liveness ping
[2025-03-07 06:40:59] debug [tunnels::connections::ws] received liveness pong
[2025-03-07 06:41:59] debug [tunnels::connections::ws] received liveness pong
[2025-03-07 06:42:59] debug [tunnels::connections::ws] sent liveness ping
[2025-03-07 06:42:59] debug [tunnels::connections::ws] received liveness pong
[2025-03-07 06:43:59] debug [tunnels::connections::ws] received liveness pong
[2025-03-07 06:44:59] debug [tunnels::connections::ws] sent liveness ping
[2025-03-07 06:44:59] debug [tunnels::connections::ws] received liveness pong
[2025-03-07 06:45:59] debug [tunnels::connections::ws] received liveness pong
[2025-03-07 06:46:59] debug [tunnels::connections::ws] sent liveness ping
[2025-03-07 06:46:59] debug [tunnels::connections::ws] received liveness pong
[2025-03-07 06:47:59] debug [tunnels::connections::ws] received liveness pong
[2025-03-07 06:48:59] debug [tunnels::connections::ws] sent liveness ping
[2025-03-07 06:48:59] debug [tunnels::connections::ws] received liveness pong
[2025-03-07 06:49:59] debug [tunnels::connections::ws] received liveness pong
[2025-03-07 06:50:59] debug [tunnels::connections::ws] sent liveness ping
[2025-03-07 06:50:59] debug [tunnels::connections::ws] received liveness pong
[2025-03-07 06:51:59] debug [tunnels::connections::ws] received liveness pong
[2025-03-07 06:52:59] debug [tunnels::connections::ws] sent liveness ping
[2025-03-07 06:52:59] debug [tunnels::connections::ws] received liveness pong
[2025-03-07 06:53:59] debug [tunnels::connections::ws] received liveness pong
[2025-03-07 06:54:59] debug [tunnels::connections::ws] sent liveness ping
[2025-03-07 06:54:59] debug [tunnels::connections::ws] received liveness pong
[2025-03-07 06:55:59] debug [tunnels::connections::ws] received liveness pong
[2025-03-07 06:56:59] debug [tunnels::connections::ws] sent liveness ping
[2025-03-07 06:56:59] debug [tunnels::connections::ws] received liveness pong
[2025-03-07 07:20:45] debug Starting tunnel with `code C:\Users\Familia\AppData\Local\Programs\Microsoft VS Code\bin\code-tunnel.exe --verbose --cli-data-dir C:\Users\Familia\.vscode\cli tunnel service internal-run --log-to-file C:\Users\Familia\.vscode\cli\tunnel-service.log`
[2025-03-07 07:20:46] debug starting as new singleton
[2025-03-07 07:20:48] trace Found token in keyring
[2025-03-07 07:20:48] debug [reqwest::connect] starting new connection: https://api.github.com/
[2025-03-07 07:20:50] debug [reqwest::connect] starting new connection: https://brs.rel.tunnels.api.visualstudio.com/
[2025-03-07 07:20:53] trace wsl not detected
[2025-03-07 07:20:53] trace Found token in keyring
[2025-03-07 07:20:54] debug Starting tunnel to server...
[2025-03-07 07:20:54] trace Found token in keyring
[2025-03-07 07:20:55] debug [tungstenite::handshake::client] Client handshake done.
[2025-03-07 07:20:55] debug [russh::ssh_read] read_ssh_id: reading
[2025-03-07 07:20:55] debug [russh::ssh_read] read 39
[2025-03-07 07:20:55] debug [russh::ssh_read] Ok("SSH-2.0-Microsoft.DevTunnels.Ssh_3.12\r\n")
[2025-03-07 07:20:55] debug [russh::client] writing 352 bytes
[2025-03-07 07:20:55] debug [russh::ssh_read] id 39 39
[2025-03-07 07:20:55] debug [russh::client::kex] extending []
[2025-03-07 07:20:55] debug [russh::client::kex] algo = Names { kex: Name("none"), key: Name("none"), cipher: Name("none"), client_mac: Name("none"), server_mac: Name("none"), server_compression: None, client_compression: None, ignore_guessed: false }
[2025-03-07 07:20:55] debug [russh::client::kex] write = []
[2025-03-07 07:20:55] debug [russh::client::kex] i0 = 342
[2025-03-07 07:20:55] debug [russh::client::kex] moving to kexdhdone, exchange = Exchange { client_id: CryptoVec { p: 0x16c4c2a27c0, size: 20, capacity: 32 }, server_id: CryptoVec { p: 0x16c4c2d0430, size: 37, capacity: 64 }, client_kex_init: CryptoVec { p: 0x16c4c2ef260, size: 342, capacity: 512 }, server_kex_init: CryptoVec { p: 0x16c4c2c4730, size: 94, capacity: 128 }, client_ephemeral: CryptoVec { p: 0x1, size: 0, capacity: 0 }, server_ephemeral: CryptoVec { p: 0x1, size: 0, capacity: 0 } }
[2025-03-07 07:20:55] debug [tunnels::connections::relay_tunnel_host] established host relay primary session
[2025-03-07 07:20:55] debug Connected to tunnel endpoint: TunnelRelayTunnelEndpoint { base: TunnelEndpoint { id: "2750e146-48e8-4062-af88-28788b75d573-relay", connection_mode: TunnelRelay, host_id: "2750e146-48e8-4062-af88-28788b75d573", host_public_keys: [], port_uri_format: Some("https://mtktc05t-{port}.brs.devtunnels.ms/"), tunnel_uri: Some("https://mtktc05t.brs.devtunnels.ms/"), port_ssh_command_format: Some("ssh mtktc05t-{port}@ssh.brs.devtunnels.ms"), tunnel_ssh_command: Some("ssh mtktc05t@ssh.brs.devtunnels.ms"), ssh_gateway_public_key: None }, host_relay_uri: Some("wss://brs-data.rel.tunnels.api.visualstudio.com/api/v1/Host/Connect/swift-ant-n9fwtwx"), client_relay_uri: Some("wss://brs-data.rel.tunnels.api.visualstudio.com/api/v1/Client/Connect/swift-ant-n9fwtwx") }
[2025-03-07 07:20:55] debug Visual Studio Code Server is listening for incoming connections
[2025-03-07 07:20:55] trace Found token in keyring
[2025-03-07 07:20:55] trace Found token in keyring
[2025-03-07 07:20:55] debug [reqwest::connect] starting new connection: https://api.github.com/
[2025-03-07 07:21:55] debug [tunnels::connections::ws] sent liveness ping
[2025-03-07 07:21:55] debug [tunnels::connections::ws] received liveness pong
[2025-03-07 07:22:55] debug [tunnels::connections::ws] received liveness pong
[2025-03-07 07:23:55] debug [tunnels::connections::ws] sent liveness ping
[2025-03-07 07:23:55] debug [tunnels::connections::ws] received liveness pong
[2025-03-07 07:24:55] debug [tunnels::connections::ws] received liveness pong
[2025-03-07 07:25:55] debug [tunnels::connections::ws] sent liveness ping
[2025-03-07 07:25:55] debug [tunnels::connections::ws] received liveness pong
[2025-03-07 07:26:55] debug [tunnels::connections::ws] received liveness pong
[2025-03-07 07:27:55] debug [tunnels::connections::ws] sent liveness ping
[2025-03-07 07:27:55] debug [tunnels::connections::ws] received liveness pong
[2025-03-07 07:28:55] debug [tunnels::connections::ws] received liveness pong
[2025-03-07 07:29:55] debug [tunnels::connections::ws] sent liveness ping
[2025-03-07 07:29:55] debug [tunnels::connections::ws] received liveness pong
[2025-03-07 07:30:55] debug [tunnels::connections::ws] received liveness pong
[2025-03-07 07:31:55] debug [tunnels::connections::ws] sent liveness ping
[2025-03-07 07:31:55] debug [tunnels::connections::ws] received liveness pong
[2025-03-07 07:32:55] debug [tunnels::connections::ws] received liveness pong
[2025-03-07 07:33:55] debug [tunnels::connections::ws] sent liveness ping
[2025-03-07 07:33:55] debug [tunnels::connections::ws] received liveness pong
[2025-03-07 07:34:55] debug [tunnels::connections::ws] received liveness pong
[2025-03-07 07:35:55] debug [tunnels::connections::ws] sent liveness ping
[2025-03-07 07:35:55] debug [tunnels::connections::ws] received liveness pong
[2025-03-07 07:36:55] debug [tunnels::connections::ws] received liveness pong
[2025-03-07 07:37:55] debug [tunnels::connections::ws] sent liveness ping
[2025-03-07 07:37:55] debug [tunnels::connections::ws] received liveness pong
[2025-03-07 07:38:55] debug [tunnels::connections::ws] received liveness pong
[2025-03-07 07:39:55] debug [tunnels::connections::ws] sent liveness ping
[2025-03-07 07:39:55] debug [tunnels::connections::ws] received liveness pong
[2025-03-07 07:40:55] debug [tunnels::connections::ws] received liveness pong
[2025-03-07 07:41:55] debug [tunnels::connections::ws] sent liveness ping
[2025-03-07 07:41:55] debug [tunnels::connections::ws] received liveness pong
[2025-03-07 07:42:55] debug [tunnels::connections::ws] received liveness pong
[2025-03-07 07:43:55] debug [tunnels::connections::ws] sent liveness ping
[2025-03-07 07:43:55] debug [tunnels::connections::ws] received liveness pong
[2025-03-07 07:44:55] debug [tunnels::connections::ws] received liveness pong
[2025-03-07 07:45:55] debug [tunnels::connections::ws] sent liveness ping
[2025-03-07 07:45:55] debug [tunnels::connections::ws] received liveness pong
[2025-03-07 07:46:55] debug [tunnels::connections::ws] received liveness pong
[2025-03-07 07:47:55] debug [tunnels::connections::ws] sent liveness ping
[2025-03-07 07:47:55] debug [tunnels::connections::ws] received liveness pong
[2025-03-07 07:48:55] debug [tunnels::connections::ws] received liveness pong
[2025-03-07 07:49:55] debug [tunnels::connections::ws] sent liveness ping
[2025-03-07 07:49:55] debug [tunnels::connections::ws] received liveness pong
[2025-03-07 07:50:55] debug [tunnels::connections::ws] received liveness pong
[2025-03-07 07:51:55] debug [tunnels::connections::ws] sent liveness ping
[2025-03-07 07:51:55] debug [tunnels::connections::ws] received liveness pong
[2025-03-07 07:52:55] debug [tunnels::connections::ws] received liveness pong
[2025-03-07 07:53:55] debug [tunnels::connections::ws] sent liveness ping
[2025-03-07 07:53:55] debug [tunnels::connections::ws] received liveness pong
[2025-03-07 07:54:55] debug [tunnels::connections::ws] received liveness pong
[2025-03-07 07:55:55] debug [tunnels::connections::ws] sent liveness ping
[2025-03-07 07:55:55] debug [tunnels::connections::ws] received liveness pong
[2025-03-07 07:56:55] debug [tunnels::connections::ws] received liveness pong
[2025-03-07 07:57:55] debug [tunnels::connections::ws] sent liveness ping
[2025-03-07 07:57:55] debug [tunnels::connections::ws] received liveness pong
[2025-03-07 07:58:55] debug [tunnels::connections::ws] received liveness pong
[2025-03-07 07:59:55] debug [tunnels::connections::ws] sent liveness ping
[2025-03-07 07:59:55] debug [tunnels::connections::ws] received liveness pong
[2025-03-07 08:00:55] debug [tunnels::connections::ws] received liveness pong
[2025-03-07 08:01:55] debug [tunnels::connections::ws] sent liveness ping
[2025-03-07 08:01:55] debug [tunnels::connections::ws] received liveness pong
[2025-03-07 08:02:55] debug [tunnels::connections::ws] received liveness pong
[2025-03-07 08:03:55] debug [tunnels::connections::ws] sent liveness ping
[2025-03-07 08:03:55] debug [tunnels::connections::ws] received liveness pong
[2025-03-07 08:04:55] debug [tunnels::connections::ws] received liveness pong
[2025-03-07 08:05:55] debug [tunnels::connections::ws] sent liveness ping
[2025-03-07 08:05:55] debug [tunnels::connections::ws] received liveness pong
[2025-03-07 08:06:55] debug [tunnels::connections::ws] received liveness pong
[2025-03-07 08:07:55] debug [tunnels::connections::ws] sent liveness ping
[2025-03-07 08:07:55] debug [tunnels::connections::ws] received liveness pong
[2025-03-07 08:08:55] debug [tunnels::connections::ws] received liveness pong
[2025-03-07 08:09:55] debug [tunnels::connections::ws] sent liveness ping
[2025-03-07 08:09:55] debug [tunnels::connections::ws] received liveness pong
[2025-03-07 08:10:55] debug [tunnels::connections::ws] received liveness pong
[2025-03-07 08:11:55] debug [tunnels::connections::ws] sent liveness ping
[2025-03-07 08:11:55] debug [tunnels::connections::ws] received liveness pong
[2025-03-07 08:12:55] debug [tunnels::connections::ws] received liveness pong
[2025-03-07 08:13:55] debug [tunnels::connections::ws] sent liveness ping
[2025-03-07 08:13:55] debug [tunnels::connections::ws] received liveness pong
[2025-03-07 08:14:55] debug [tunnels::connections::ws] received liveness pong
[2025-03-07 08:15:55] debug [tunnels::connections::ws] sent liveness ping
[2025-03-07 08:15:55] debug [tunnels::connections::ws] received liveness pong
[2025-03-07 08:16:55] debug [tunnels::connections::ws] received liveness pong
[2025-03-07 08:17:55] debug [tunnels::connections::ws] sent liveness ping
[2025-03-07 08:17:55] debug [tunnels::connections::ws] received liveness pong
[2025-03-07 08:18:55] debug [tunnels::connections::ws] received liveness pong
[2025-03-07 08:19:55] debug [tunnels::connections::ws] sent liveness ping
[2025-03-07 08:19:55] debug [tunnels::connections::ws] received liveness pong
[2025-03-07 08:20:55] debug [tunnels::connections::ws] received liveness pong
[2025-03-07 08:20:56] debug [reqwest::connect] starting new connection: https://api.github.com/
[2025-03-07 08:20:56] trace token was successfully refreshed in keepalive
[2025-03-07 08:21:55] debug [tunnels::connections::ws] sent liveness ping
[2025-03-07 08:21:55] debug [tunnels::connections::ws] received liveness pong
[2025-03-07 08:22:55] debug [tunnels::connections::ws] received liveness pong
[2025-03-07 08:23:55] debug [tunnels::connections::ws] sent liveness ping
[2025-03-07 08:23:55] debug [tunnels::connections::ws] received liveness pong
[2025-03-07 08:24:55] debug [tunnels::connections::ws] received liveness pong
[2025-03-07 08:25:55] debug [tunnels::connections::ws] sent liveness ping
[2025-03-07 08:25:55] debug [tunnels::connections::ws] received liveness pong
[2025-03-07 08:26:55] debug [tunnels::connections::ws] received liveness pong
[2025-03-07 08:27:55] debug [tunnels::connections::ws] sent liveness ping
[2025-03-07 08:27:55] debug [tunnels::connections::ws] received liveness pong
[2025-03-07 08:28:55] debug [tunnels::connections::ws] received liveness pong
[2025-03-07 08:29:55] debug [tunnels::connections::ws] sent liveness ping
[2025-03-07 08:29:55] debug [tunnels::connections::ws] received liveness pong
[2025-03-07 08:30:55] debug [tunnels::connections::ws] received liveness pong
[2025-03-07 08:31:55] debug [tunnels::connections::ws] sent liveness ping
[2025-03-07 08:31:55] debug [tunnels::connections::ws] received liveness pong
[2025-03-07 08:32:55] debug [tunnels::connections::ws] received liveness pong
[2025-03-07 08:33:55] debug [tunnels::connections::ws] sent liveness ping
[2025-03-07 08:33:55] debug [tunnels::connections::ws] received liveness pong
[2025-03-07 08:34:55] debug [tunnels::connections::ws] received liveness pong
[2025-03-07 08:35:55] debug [tunnels::connections::ws] sent liveness ping
[2025-03-07 08:35:55] debug [tunnels::connections::ws] received liveness pong
[2025-03-07 08:36:55] debug [tunnels::connections::ws] received liveness pong
[2025-03-07 08:37:55] debug [tunnels::connections::ws] sent liveness ping
[2025-03-07 08:37:55] debug [tunnels::connections::ws] received liveness pong
[2025-03-07 08:38:55] debug [tunnels::connections::ws] received liveness pong
[2025-03-07 08:39:55] debug [tunnels::connections::ws] sent liveness ping
[2025-03-07 08:39:55] debug [tunnels::connections::ws] received liveness pong
[2025-03-07 08:40:55] debug [tunnels::connections::ws] received liveness pong
[2025-03-07 08:41:55] debug [tunnels::connections::ws] sent liveness ping
[2025-03-07 08:41:55] debug [tunnels::connections::ws] received liveness pong
[2025-03-07 08:42:55] debug [tunnels::connections::ws] received liveness pong
[2025-03-07 08:43:55] debug [tunnels::connections::ws] sent liveness ping
[2025-03-07 08:43:55] debug [tunnels::connections::ws] received liveness pong
[2025-03-07 08:44:55] debug [tunnels::connections::ws] received liveness pong
[2025-03-07 08:45:55] debug [tunnels::connections::ws] sent liveness ping
[2025-03-07 08:45:55] debug [tunnels::connections::ws] received liveness pong
[2025-03-07 08:46:55] debug [tunnels::connections::ws] received liveness pong
[2025-03-07 08:47:55] debug [tunnels::connections::ws] sent liveness ping
[2025-03-07 08:47:55] debug [tunnels::connections::ws] received liveness pong
[2025-03-07 08:48:55] debug [tunnels::connections::ws] received liveness pong
[2025-03-07 08:49:55] debug [tunnels::connections::ws] sent liveness ping
[2025-03-07 08:49:55] debug [tunnels::connections::ws] received liveness pong
[2025-03-07 08:50:55] debug [tunnels::connections::ws] received liveness pong
[2025-03-07 08:51:55] debug [tunnels::connections::ws] sent liveness ping
[2025-03-07 08:51:55] debug [tunnels::connections::ws] received liveness pong
[2025-03-07 08:52:55] debug [tunnels::connections::ws] received liveness pong
[2025-03-07 08:53:55] debug [tunnels::connections::ws] sent liveness ping
[2025-03-07 08:53:55] debug [tunnels::connections::ws] received liveness pong
[2025-03-07 08:54:55] debug [tunnels::connections::ws] received liveness pong
[2025-03-07 08:55:55] debug [tunnels::connections::ws] sent liveness ping
[2025-03-07 08:55:55] debug [tunnels::connections::ws] received liveness pong
[2025-03-07 08:56:55] debug [tunnels::connections::ws] received liveness pong
[2025-03-07 08:57:55] debug [tunnels::connections::ws] sent liveness ping
[2025-03-07 08:57:55] debug [tunnels::connections::ws] received liveness pong
[2025-03-07 08:58:55] debug [tunnels::connections::ws] received liveness pong
[2025-03-07 08:59:55] debug [tunnels::connections::ws] sent liveness ping
[2025-03-07 08:59:55] debug [tunnels::connections::ws] received liveness pong
[2025-03-07 09:00:55] debug [tunnels::connections::ws] received liveness pong
[2025-03-07 09:01:55] debug [tunnels::connections::ws] sent liveness ping
[2025-03-07 09:01:55] debug [tunnels::connections::ws] received liveness pong
[2025-03-07 09:02:55] debug [tunnels::connections::ws] received liveness pong
[2025-03-07 09:03:55] debug [tunnels::connections::ws] sent liveness ping
[2025-03-07 09:03:55] debug [tunnels::connections::ws] received liveness pong
[2025-03-07 09:04:55] debug [tunnels::connections::ws] received liveness pong
[2025-03-07 09:05:55] debug [tunnels::connections::ws] sent liveness ping
[2025-03-07 09:05:55] debug [tunnels::connections::ws] received liveness pong
[2025-03-07 09:06:55] debug [tunnels::connections::ws] received liveness pong
[2025-03-07 09:07:55] debug [tunnels::connections::ws] sent liveness ping
[2025-03-07 09:07:55] debug [tunnels::connections::ws] received liveness pong
[2025-03-07 09:08:55] debug [tunnels::connections::ws] received liveness pong
[2025-03-07 09:09:55] debug [tunnels::connections::ws] sent liveness ping
[2025-03-07 09:09:55] debug [tunnels::connections::ws] received liveness pong
[2025-03-07 09:10:55] debug [tunnels::connections::ws] received liveness pong
[2025-03-07 09:11:55] debug [tunnels::connections::ws] sent liveness ping
[2025-03-07 09:11:55] debug [tunnels::connections::ws] received liveness pong
[2025-03-07 09:12:55] debug [tunnels::connections::ws] received liveness pong
[2025-03-07 09:13:55] debug [tunnels::connections::ws] sent liveness ping
[2025-03-07 09:13:55] debug [tunnels::connections::ws] received liveness pong
[2025-03-07 09:14:55] debug [tunnels::connections::ws] received liveness pong
[2025-03-07 09:15:55] debug [tunnels::connections::ws] sent liveness ping
[2025-03-07 09:15:55] debug [tunnels::connections::ws] received liveness pong
[2025-03-07 09:16:55] debug [tunnels::connections::ws] received liveness pong
[2025-03-07 09:17:55] debug [tunnels::connections::ws] sent liveness ping
[2025-03-07 09:17:55] debug [tunnels::connections::ws] received liveness pong
[2025-03-07 09:18:55] debug [tunnels::connections::ws] received liveness pong
[2025-03-07 09:19:55] debug [tunnels::connections::ws] sent liveness ping
[2025-03-07 09:19:55] debug [tunnels::connections::ws] received liveness pong
[2025-03-07 09:20:55] debug [tunnels::connections::ws] received liveness pong
[2025-03-07 09:20:56] debug [reqwest::connect] starting new connection: https://api.github.com/
[2025-03-07 09:20:57] trace token was successfully refreshed in keepalive
[2025-03-07 09:21:55] debug [tunnels::connections::ws] sent liveness ping
[2025-03-07 09:21:55] debug [tunnels::connections::ws] received liveness pong
[2025-03-07 09:22:55] debug [tunnels::connections::ws] received liveness pong
[2025-03-07 09:23:55] debug [tunnels::connections::ws] sent liveness ping
[2025-03-07 09:23:55] debug [tunnels::connections::ws] received liveness pong
[2025-03-07 09:24:55] debug [tunnels::connections::ws] received liveness pong
[2025-03-07 09:25:55] debug [tunnels::connections::ws] sent liveness ping
[2025-03-07 09:25:55] debug [tunnels::connections::ws] received liveness pong
[2025-03-07 09:26:55] debug [tunnels::connections::ws] received liveness pong
[2025-03-07 09:27:55] debug [tunnels::connections::ws] sent liveness ping
[2025-03-07 09:27:55] debug [tunnels::connections::ws] received liveness pong
[2025-03-07 09:28:55] debug [tunnels::connections::ws] received liveness pong
[2025-03-07 09:29:55] debug [tunnels::connections::ws] sent liveness ping
[2025-03-07 09:29:55] debug [tunnels::connections::ws] received liveness pong
[2025-03-07 09:30:55] debug [tunnels::connections::ws] received liveness pong
[2025-03-07 09:31:55] debug [tunnels::connections::ws] sent liveness ping
[2025-03-07 09:31:55] debug [tunnels::connections::ws] received liveness pong
[2025-03-07 09:32:55] debug [tunnels::connections::ws] received liveness pong
[2025-03-07 09:33:55] debug [tunnels::connections::ws] sent liveness ping
[2025-03-07 09:33:55] debug [tunnels::connections::ws] received liveness pong
[2025-03-07 09:34:55] debug [tunnels::connections::ws] received liveness pong
[2025-03-07 09:35:55] debug [tunnels::connections::ws] sent liveness ping
[2025-03-07 09:35:55] debug [tunnels::connections::ws] received liveness pong
[2025-03-07 09:36:55] debug [tunnels::connections::ws] received liveness pong
[2025-03-07 09:37:55] debug [tunnels::connections::ws] sent liveness ping
[2025-03-07 09:37:55] debug [tunnels::connections::ws] received liveness pong
[2025-03-07 09:38:55] debug [tunnels::connections::ws] received liveness pong
[2025-03-07 09:39:55] debug [tunnels::connections::ws] sent liveness ping
[2025-03-07 09:39:55] debug [tunnels::connections::ws] received liveness pong
[2025-03-07 09:40:55] debug [tunnels::connections::ws] received liveness pong
[2025-03-07 09:41:55] debug [tunnels::connections::ws] sent liveness ping
[2025-03-07 09:41:55] debug [tunnels::connections::ws] received liveness pong
[2025-03-07 09:42:55] debug [tunnels::connections::ws] received liveness pong
[2025-03-07 09:43:55] debug [tunnels::connections::ws] sent liveness ping
[2025-03-07 09:43:55] debug [tunnels::connections::ws] received liveness pong
[2025-03-07 09:44:55] debug [tunnels::connections::ws] received liveness pong
[2025-03-07 09:45:55] debug [tunnels::connections::ws] sent liveness ping
[2025-03-07 09:45:55] debug [tunnels::connections::ws] received liveness pong
[2025-03-07 09:46:55] debug [tunnels::connections::ws] received liveness pong
[2025-03-07 09:47:55] debug [tunnels::connections::ws] sent liveness ping
[2025-03-07 09:47:55] debug [tunnels::connections::ws] received liveness pong
[2025-03-07 09:48:55] debug [tunnels::connections::ws] received liveness pong
[2025-03-07 09:49:55] debug [tunnels::connections::ws] sent liveness ping
[2025-03-07 09:49:55] debug [tunnels::connections::ws] received liveness pong
[2025-03-07 09:50:55] debug [tunnels::connections::ws] received liveness pong
[2025-03-07 09:51:55] debug [tunnels::connections::ws] sent liveness ping
[2025-03-07 09:51:55] debug [tunnels::connections::ws] received liveness pong
[2025-03-07 09:52:55] debug [tunnels::connections::ws] received liveness pong
[2025-03-07 09:53:55] debug [tunnels::connections::ws] sent liveness ping
[2025-03-07 09:53:55] debug [tunnels::connections::ws] received liveness pong
[2025-03-07 09:54:55] debug [tunnels::connections::ws] received liveness pong
[2025-03-07 09:55:55] debug [tunnels::connections::ws] sent liveness ping
[2025-03-07 09:55:55] debug [tunnels::connections::ws] received liveness pong
[2025-03-07 09:56:55] debug [tunnels::connections::ws] received liveness pong
[2025-03-07 09:57:55] debug [tunnels::connections::ws] sent liveness ping
[2025-03-07 09:57:55] debug [tunnels::connections::ws] received liveness pong
[2025-03-07 09:58:55] debug [tunnels::connections::ws] received liveness pong
[2025-03-07 09:59:55] debug [tunnels::connections::ws] sent liveness ping
[2025-03-07 09:59:55] debug [tunnels::connections::ws] received liveness pong
[2025-03-07 10:00:55] debug [tunnels::connections::ws] received liveness pong
[2025-03-07 10:01:55] debug [tunnels::connections::ws] sent liveness ping
[2025-03-07 10:01:55] debug [tunnels::connections::ws] received liveness pong
[2025-03-07 10:02:55] debug [tunnels::connections::ws] received liveness pong
[2025-03-07 10:03:55] debug [tunnels::connections::ws] sent liveness ping
[2025-03-07 10:03:55] debug [tunnels::connections::ws] received liveness pong
[2025-03-07 10:04:55] debug [tunnels::connections::ws] received liveness pong
[2025-03-07 10:05:55] debug [tunnels::connections::ws] sent liveness ping
[2025-03-07 10:05:55] debug [tunnels::connections::ws] received liveness pong
[2025-03-07 10:06:55] debug [tunnels::connections::ws] received liveness pong
[2025-03-07 10:07:55] debug [tunnels::connections::ws] sent liveness ping
[2025-03-07 10:07:55] debug [tunnels::connections::ws] received liveness pong
[2025-03-07 10:08:55] debug [tunnels::connections::ws] received liveness pong
[2025-03-07 10:09:55] debug [tunnels::connections::ws] sent liveness ping
[2025-03-07 10:09:55] debug [tunnels::connections::ws] received liveness pong
[2025-03-07 10:10:55] debug [tunnels::connections::ws] received liveness pong
[2025-03-07 10:11:55] debug [tunnels::connections::ws] sent liveness ping
[2025-03-07 10:11:55] debug [tunnels::connections::ws] received liveness pong
[2025-03-07 10:12:55] debug [tunnels::connections::ws] received liveness pong
[2025-03-07 10:13:55] debug [tunnels::connections::ws] sent liveness ping
[2025-03-07 10:13:55] debug [tunnels::connections::ws] received liveness pong
[2025-03-07 10:14:55] debug [tunnels::connections::ws] received liveness pong
[2025-03-07 10:15:55] debug [tunnels::connections::ws] sent liveness ping
[2025-03-07 10:15:55] debug [tunnels::connections::ws] received liveness pong
[2025-03-07 10:16:55] debug [tunnels::connections::ws] received liveness pong
[2025-03-07 10:17:55] debug [tunnels::connections::ws] sent liveness ping
[2025-03-07 10:17:55] debug [tunnels::connections::ws] received liveness pong
[2025-03-07 10:18:55] debug [tunnels::connections::ws] received liveness pong
[2025-03-07 10:19:55] debug [tunnels::connections::ws] sent liveness ping
[2025-03-07 10:19:55] debug [tunnels::connections::ws] received liveness pong
[2025-03-07 10:20:55] debug [tunnels::connections::ws] received liveness pong
[2025-03-07 10:20:57] debug [reqwest::connect] starting new connection: https://api.github.com/
[2025-03-07 10:20:58] trace token was successfully refreshed in keepalive
[2025-03-07 10:21:55] debug [tunnels::connections::ws] sent liveness ping
[2025-03-07 10:21:55] debug [tunnels::connections::ws] received liveness pong
[2025-03-07 10:22:55] debug [tunnels::connections::ws] received liveness pong
[2025-03-07 10:23:55] debug [tunnels::connections::ws] sent liveness ping
[2025-03-07 10:23:55] debug [tunnels::connections::ws] received liveness pong
[2025-03-07 10:24:55] debug [tunnels::connections::ws] received liveness pong
[2025-03-07 10:25:55] debug [tunnels::connections::ws] sent liveness ping
[2025-03-07 10:25:55] debug [tunnels::connections::ws] received liveness pong
[2025-03-07 10:26:55] debug [tunnels::connections::ws] received liveness pong
[2025-03-07 10:27:55] debug [tunnels::connections::ws] sent liveness ping
[2025-03-07 10:27:55] debug [tunnels::connections::ws] received liveness pong
[2025-03-07 10:28:55] debug [tunnels::connections::ws] received liveness pong
[2025-03-07 10:29:55] debug [tunnels::connections::ws] sent liveness ping
[2025-03-07 10:29:55] debug [tunnels::connections::ws] received liveness pong
[2025-03-07 10:30:55] debug [tunnels::connections::ws] received liveness pong
[2025-03-07 10:31:55] debug [tunnels::connections::ws] sent liveness ping
[2025-03-07 10:31:55] debug [tunnels::connections::ws] received liveness pong
[2025-03-07 10:32:55] debug [tunnels::connections::ws] received liveness pong
[2025-03-07 10:33:55] debug [tunnels::connections::ws] sent liveness ping
[2025-03-07 10:33:55] debug [tunnels::connections::ws] received liveness pong
[2025-03-07 10:34:55] debug [tunnels::connections::ws] received liveness pong
[2025-03-07 10:35:55] debug [tunnels::connections::ws] sent liveness ping
[2025-03-07 10:35:55] debug [tunnels::connections::ws] received liveness pong
[2025-03-07 10:36:55] debug [tunnels::connections::ws] received liveness pong
[2025-03-07 10:37:55] debug [tunnels::connections::ws] sent liveness ping
[2025-03-07 10:37:55] debug [tunnels::connections::ws] received liveness pong
[2025-03-07 10:38:55] debug [tunnels::connections::ws] received liveness pong
[2025-03-07 10:39:55] debug [tunnels::connections::ws] sent liveness ping
[2025-03-07 10:39:55] debug [tunnels::connections::ws] received liveness pong
[2025-03-07 10:40:55] debug [tunnels::connections::ws] sent liveness ping
[2025-03-07 10:40:55] debug [tunnels::connections::ws] received liveness pong
[2025-03-07 10:40:55] debug [tunnels::connections::ws] received liveness pong
[2025-03-07 10:41:55] debug [tunnels::connections::ws] sent liveness ping
[2025-03-07 10:41:55] debug [tunnels::connections::ws] received liveness pong
[2025-03-07 10:42:55] debug [tunnels::connections::ws] received liveness pong
[2025-03-07 10:43:55] debug [tunnels::connections::ws] sent liveness ping
[2025-03-07 10:43:55] debug [tunnels::connections::ws] received liveness pong
[2025-03-07 10:44:55] debug [tunnels::connections::ws] received liveness pong
[2025-03-07 10:45:55] debug [tunnels::connections::ws] sent liveness ping
[2025-03-07 10:45:55] debug [tunnels::connections::ws] received liveness pong
[2025-03-07 10:46:55] debug [tunnels::connections::ws] received liveness pong
[2025-03-07 10:47:55] debug [tunnels::connections::ws] sent liveness ping
[2025-03-07 10:47:55] debug [tunnels::connections::ws] received liveness pong
[2025-03-07 10:48:55] debug [tunnels::connections::ws] received liveness pong
[2025-03-07 10:49:55] debug [tunnels::connections::ws] sent liveness ping
[2025-03-07 10:49:55] debug [tunnels::connections::ws] received liveness pong
[2025-03-07 10:50:55] debug [tunnels::connections::ws] received liveness pong
[2025-03-07 10:51:55] debug [tunnels::connections::ws] sent liveness ping
[2025-03-07 10:51:55] debug [tunnels::connections::ws] received liveness pong
[2025-03-07 10:52:55] debug [tunnels::connections::ws] received liveness pong
[2025-03-07 10:53:55] debug [tunnels::connections::ws] sent liveness ping
[2025-03-07 10:53:55] debug [tunnels::connections::ws] received liveness pong
[2025-03-07 10:54:55] debug [tunnels::connections::ws] sent liveness ping
[2025-03-07 10:54:55] debug [tunnels::connections::ws] received liveness pong
[2025-03-07 10:54:55] debug [tunnels::connections::ws] received liveness pong
[2025-03-07 10:55:55] debug [tunnels::connections::ws] sent liveness ping
[2025-03-07 10:55:55] debug [tunnels::connections::ws] received liveness pong
[2025-03-07 10:56:55] debug [tunnels::connections::ws] received liveness pong
[2025-03-07 10:57:55] debug [tunnels::connections::ws] sent liveness ping
[2025-03-07 10:57:55] debug [tunnels::connections::ws] received liveness pong
[2025-03-07 10:58:55] debug [tunnels::connections::ws] received liveness pong
[2025-03-07 10:59:55] debug [tunnels::connections::ws] sent liveness ping
[2025-03-07 10:59:55] debug [tunnels::connections::ws] received liveness pong
[2025-03-07 11:00:55] debug [tunnels::connections::ws] received liveness pong
[2025-03-07 11:01:55] debug [tunnels::connections::ws] sent liveness ping
[2025-03-07 11:01:55] debug [tunnels::connections::ws] received liveness pong
[2025-03-07 11:02:55] debug [tunnels::connections::ws] received liveness pong
[2025-03-07 11:03:55] debug [tunnels::connections::ws] sent liveness ping
[2025-03-07 11:03:55] debug [tunnels::connections::ws] received liveness pong
[2025-03-07 11:04:55] debug [tunnels::connections::ws] received liveness pong
[2025-03-07 11:05:55] debug [tunnels::connections::ws] sent liveness ping
[2025-03-07 11:05:55] debug [tunnels::connections::ws] received liveness pong
[2025-03-07 11:06:55] debug [tunnels::connections::ws] received liveness pong
[2025-03-07 11:07:55] debug [tunnels::connections::ws] sent liveness ping
[2025-03-07 11:07:55] debug [tunnels::connections::ws] received liveness pong
[2025-03-07 11:08:55] debug [tunnels::connections::ws] received liveness pong
[2025-03-07 11:09:55] debug [tunnels::connections::ws] sent liveness ping
[2025-03-07 11:09:55] debug [tunnels::connections::ws] received liveness pong
[2025-03-07 11:10:55] debug [tunnels::connections::ws] received liveness pong
[2025-03-07 11:11:55] debug [tunnels::connections::ws] sent liveness ping
[2025-03-07 11:11:55] debug [tunnels::connections::ws] received liveness pong
[2025-03-07 11:12:55] debug [tunnels::connections::ws] received liveness pong
[2025-03-07 11:13:55] debug [tunnels::connections::ws] sent liveness ping
[2025-03-07 11:13:55] debug [tunnels::connections::ws] received liveness pong
[2025-03-07 11:14:55] debug [tunnels::connections::ws] received liveness pong
[2025-03-07 11:15:55] debug [tunnels::connections::ws] sent liveness ping
[2025-03-07 11:15:55] debug [tunnels::connections::ws] received liveness pong
[2025-03-07 11:16:55] debug [tunnels::connections::ws] received liveness pong
[2025-03-07 11:17:55] debug [tunnels::connections::ws] sent liveness ping
[2025-03-07 11:17:55] debug [tunnels::connections::ws] received liveness pong
[2025-03-07 11:18:55] debug [tunnels::connections::ws] received liveness pong
[2025-03-07 11:19:55] debug [tunnels::connections::ws] sent liveness ping
[2025-03-07 11:19:55] debug [tunnels::connections::ws] received liveness pong
[2025-03-07 11:20:55] debug [tunnels::connections::ws] received liveness pong
[2025-03-07 11:20:58] debug [reqwest::connect] starting new connection: https://api.github.com/
[2025-03-07 11:20:58] trace token was successfully refreshed in keepalive
[2025-03-07 11:21:55] debug [tunnels::connections::ws] sent liveness ping
[2025-03-07 11:21:55] debug [tunnels::connections::ws] received liveness pong
[2025-03-07 11:22:55] debug [tunnels::connections::ws] received liveness pong
[2025-03-07 11:23:55] debug [tunnels::connections::ws] sent liveness ping
[2025-03-07 11:23:55] debug [tunnels::connections::ws] received liveness pong
[2025-03-07 11:24:55] debug [tunnels::connections::ws] received liveness pong
[2025-03-07 11:25:55] debug [tunnels::connections::ws] sent liveness ping
[2025-03-07 11:25:55] debug [tunnels::connections::ws] received liveness pong
[2025-03-07 11:26:55] debug [tunnels::connections::ws] received liveness pong
[2025-03-07 11:27:55] debug [tunnels::connections::ws] sent liveness ping
[2025-03-07 11:27:55] debug [tunnels::connections::ws] received liveness pong
[2025-03-07 11:28:55] debug [tunnels::connections::ws] received liveness pong
[2025-03-07 11:29:55] debug [tunnels::connections::ws] sent liveness ping
[2025-03-07 11:29:55] debug [tunnels::connections::ws] received liveness pong
[2025-03-07 11:30:55] debug [tunnels::connections::ws] received liveness pong
[2025-03-07 11:31:55] debug [tunnels::connections::ws] sent liveness ping
[2025-03-07 11:31:55] debug [tunnels::connections::ws] received liveness pong
[2025-03-07 11:32:55] debug [tunnels::connections::ws] received liveness pong
[2025-03-07 11:33:55] debug [tunnels::connections::ws] sent liveness ping
[2025-03-07 11:33:55] debug [tunnels::connections::ws] received liveness pong
[2025-03-07 11:34:55] debug [tunnels::connections::ws] received liveness pong
[2025-03-07 11:35:55] debug [tunnels::connections::ws] sent liveness ping
[2025-03-07 11:35:55] debug [tunnels::connections::ws] received liveness pong
[2025-03-07 11:36:55] debug [tunnels::connections::ws] sent liveness ping
[2025-03-07 11:36:55] debug [tunnels::connections::ws] received liveness pong
[2025-03-07 11:36:55] debug [tunnels::connections::ws] received liveness pong
[2025-03-07 11:37:55] debug [tunnels::connections::ws] sent liveness ping
[2025-03-07 11:37:55] debug [tunnels::connections::ws] received liveness pong
[2025-03-07 11:38:55] debug [tunnels::connections::ws] received liveness pong
[2025-03-07 11:39:55] debug [tunnels::connections::ws] sent liveness ping
[2025-03-07 11:39:55] debug [tunnels::connections::ws] received liveness pong
[2025-03-07 11:40:55] debug [tunnels::connections::ws] received liveness pong
[2025-03-07 11:41:55] debug [tunnels::connections::ws] sent liveness ping
[2025-03-07 11:41:55] debug [tunnels::connections::ws] received liveness pong
[2025-03-07 11:42:55] debug [tunnels::connections::ws] received liveness pong
[2025-03-07 11:43:55] debug [tunnels::connections::ws] sent liveness ping
[2025-03-07 11:43:55] debug [tunnels::connections::ws] received liveness pong
[2025-03-07 11:44:55] debug [tunnels::connections::ws] received liveness pong
[2025-03-07 11:45:55] debug [tunnels::connections::ws] sent liveness ping
[2025-03-07 11:45:55] debug [tunnels::connections::ws] received liveness pong
[2025-03-07 11:46:55] debug [tunnels::connections::ws] received liveness pong
[2025-03-07 11:47:55] debug [tunnels::connections::ws] sent liveness ping
[2025-03-07 11:47:55] debug [tunnels::connections::ws] received liveness pong
[2025-03-07 11:48:55] debug [tunnels::connections::ws] received liveness pong
[2025-03-07 11:49:55] debug [tunnels::connections::ws] sent liveness ping
[2025-03-07 11:49:55] debug [tunnels::connections::ws] received liveness pong
[2025-03-07 11:50:55] debug [tunnels::connections::ws] received liveness pong
[2025-03-07 11:51:55] debug [tunnels::connections::ws] sent liveness ping
[2025-03-07 11:51:55] debug [tunnels::connections::ws] received liveness pong
[2025-03-07 11:52:55] debug [tunnels::connections::ws] received liveness pong
[2025-03-07 11:53:55] debug [tunnels::connections::ws] sent liveness ping
[2025-03-07 11:53:55] debug [tunnels::connections::ws] received liveness pong
[2025-03-07 11:54:55] debug [tunnels::connections::ws] received liveness pong
[2025-03-07 11:55:55] debug [tunnels::connections::ws] sent liveness ping
[2025-03-07 11:55:55] debug [tunnels::connections::ws] received liveness pong
[2025-03-07 11:56:55] debug [tunnels::connections::ws] received liveness pong
[2025-03-07 11:57:55] debug [tunnels::connections::ws] sent liveness ping
[2025-03-07 11:57:55] debug [tunnels::connections::ws] received liveness pong
[2025-03-07 11:58:55] debug [tunnels::connections::ws] received liveness pong
[2025-03-07 11:59:55] debug [tunnels::connections::ws] sent liveness ping
[2025-03-07 11:59:55] debug [tunnels::connections::ws] received liveness pong
[2025-03-07 12:00:55] debug [tunnels::connections::ws] received liveness pong
[2025-03-07 12:01:55] debug [tunnels::connections::ws] sent liveness ping
[2025-03-07 12:01:55] debug [tunnels::connections::ws] received liveness pong
[2025-03-07 12:02:55] debug [tunnels::connections::ws] sent liveness ping
[2025-03-07 12:02:55] debug [tunnels::connections::ws] received liveness pong
[2025-03-07 12:02:55] debug [tunnels::connections::ws] received liveness pong
[2025-03-07 12:03:55] debug [tunnels::connections::ws] sent liveness ping
[2025-03-07 12:03:55] debug [tunnels::connections::ws] received liveness pong
[2025-03-07 12:04:55] debug [tunnels::connections::ws] sent liveness ping
[2025-03-07 12:04:55] debug [tunnels::connections::ws] received liveness pong
[2025-03-07 12:04:55] debug [tunnels::connections::ws] received liveness pong
[2025-03-07 12:05:55] debug [tunnels::connections::ws] sent liveness ping
[2025-03-07 12:05:55] debug [tunnels::connections::ws] received liveness pong
[2025-03-07 12:06:55] debug [tunnels::connections::ws] received liveness pong
[2025-03-07 12:07:55] debug [tunnels::connections::ws] sent liveness ping
[2025-03-07 12:07:55] debug [tunnels::connections::ws] received liveness pong
[2025-03-07 12:08:55] debug [tunnels::connections::ws] received liveness pong
[2025-03-07 12:09:55] debug [tunnels::connections::ws] sent liveness ping
[2025-03-07 12:09:55] debug [tunnels::connections::ws] received liveness pong
[2025-03-07 12:10:55] debug [tunnels::connections::ws] received liveness pong
[2025-03-07 12:11:55] debug [tunnels::connections::ws] sent liveness ping
[2025-03-07 12:11:55] debug [tunnels::connections::ws] received liveness pong
[2025-03-07 12:12:55] debug [tunnels::connections::ws] received liveness pong
[2025-03-07 12:13:55] debug [tunnels::connections::ws] sent liveness ping
[2025-03-07 12:13:55] debug [tunnels::connections::ws] received liveness pong
[2025-03-07 12:14:55] debug [tunnels::connections::ws] received liveness pong
[2025-03-07 12:15:55] debug [tunnels::connections::ws] sent liveness ping
[2025-03-07 12:15:55] debug [tunnels::connections::ws] received liveness pong
[2025-03-07 12:16:55] debug [tunnels::connections::ws] sent liveness ping
[2025-03-07 12:16:55] debug [tunnels::connections::ws] received liveness pong
[2025-03-07 12:16:55] debug [tunnels::connections::ws] received liveness pong
[2025-03-07 12:17:55] debug [tunnels::connections::ws] sent liveness ping
[2025-03-07 12:17:55] debug [tunnels::connections::ws] received liveness pong
[2025-03-07 12:18:55] debug [tunnels::connections::ws] received liveness pong
[2025-03-07 12:19:55] debug [tunnels::connections::ws] sent liveness ping
[2025-03-07 12:19:55] debug [tunnels::connections::ws] received liveness pong
[2025-03-07 12:20:55] debug [tunnels::connections::ws] received liveness pong
[2025-03-07 12:20:58] debug [reqwest::connect] starting new connection: https://api.github.com/
[2025-03-07 12:20:58] trace token was successfully refreshed in keepalive
[2025-03-07 12:21:55] debug [tunnels::connections::ws] sent liveness ping
[2025-03-07 12:21:55] debug [tunnels::connections::ws] received liveness pong
[2025-03-07 12:22:55] debug [tunnels::connections::ws] sent liveness ping
[2025-03-07 12:22:55] debug [tunnels::connections::ws] received liveness pong
[2025-03-07 12:22:55] debug [tunnels::connections::ws] received liveness pong
[2025-03-07 12:23:55] debug [tunnels::connections::ws] sent liveness ping
[2025-03-07 12:23:55] debug [tunnels::connections::ws] received liveness pong
[2025-03-07 12:24:55] debug [tunnels::connections::ws] received liveness pong
[2025-03-07 12:25:55] debug [tunnels::connections::ws] sent liveness ping
[2025-03-07 12:25:55] debug [tunnels::connections::ws] received liveness pong
[2025-03-07 12:26:55] debug [tunnels::connections::ws] received liveness pong
[2025-03-07 12:27:55] debug [tunnels::connections::ws] sent liveness ping
[2025-03-07 12:27:55] debug [tunnels::connections::ws] received liveness pong
[2025-03-07 12:28:55] debug [tunnels::connections::ws] received liveness pong
[2025-03-07 12:29:55] debug [tunnels::connections::ws] sent liveness ping
[2025-03-07 12:29:55] debug [tunnels::connections::ws] received liveness pong
[2025-03-07 12:30:55] debug [tunnels::connections::ws] received liveness pong
[2025-03-07 12:31:55] debug [tunnels::connections::ws] sent liveness ping
[2025-03-07 12:31:55] debug [tunnels::connections::ws] received liveness pong
[2025-03-07 12:32:55] debug [tunnels::connections::ws] received liveness pong
[2025-03-07 12:33:55] debug [tunnels::connections::ws] sent liveness ping
[2025-03-07 12:33:55] debug [tunnels::connections::ws] received liveness pong
[2025-03-07 12:34:55] debug [tunnels::connections::ws] received liveness pong
[2025-03-07 12:35:55] debug [tunnels::connections::ws] sent liveness ping
[2025-03-07 12:35:55] debug [tunnels::connections::ws] received liveness pong
[2025-03-07 12:36:55] debug [tunnels::connections::ws] received liveness pong
[2025-03-07 12:37:55] debug [tunnels::connections::ws] sent liveness ping
[2025-03-07 12:37:55] debug [tunnels::connections::ws] received liveness pong
[2025-03-07 12:38:55] debug [tunnels::connections::ws] received liveness pong
[2025-03-07 12:39:55] debug [tunnels::connections::ws] sent liveness ping
[2025-03-07 12:39:55] debug [tunnels::connections::ws] received liveness pong
[2025-03-07 12:40:55] debug [tunnels::connections::ws] received liveness pong
[2025-03-07 12:41:55] debug [tunnels::connections::ws] sent liveness ping
[2025-03-07 12:41:55] debug [tunnels::connections::ws] received liveness pong
[2025-03-07 12:42:55] debug [tunnels::connections::ws] received liveness pong
[2025-03-07 12:43:55] debug [tunnels::connections::ws] sent liveness ping
[2025-03-07 12:43:55] debug [tunnels::connections::ws] received liveness pong
[2025-03-07 12:44:55] debug [tunnels::connections::ws] sent liveness ping
[2025-03-07 12:44:55] debug [tunnels::connections::ws] received liveness pong
[2025-03-07 12:44:55] debug [tunnels::connections::ws] received liveness pong
[2025-03-07 12:45:55] debug [tunnels::connections::ws] sent liveness ping
[2025-03-07 12:45:55] debug [tunnels::connections::ws] received liveness pong
[2025-03-07 12:46:55] debug [tunnels::connections::ws] received liveness pong
[2025-03-07 12:47:55] debug [tunnels::connections::ws] sent liveness ping
[2025-03-07 12:47:55] debug [tunnels::connections::ws] received liveness pong
[2025-03-07 12:48:55] debug [tunnels::connections::ws] received liveness pong
[2025-03-07 12:49:55] debug [tunnels::connections::ws] sent liveness ping
[2025-03-07 12:49:55] debug [tunnels::connections::ws] received liveness pong
[2025-03-07 12:50:55] debug [tunnels::connections::ws] received liveness pong
[2025-03-07 12:51:55] debug [tunnels::connections::ws] sent liveness ping
[2025-03-07 12:51:55] debug [tunnels::connections::ws] received liveness pong
[2025-03-07 12:52:55] debug [tunnels::connections::ws] received liveness pong
[2025-03-07 12:53:55] debug [tunnels::connections::ws] sent liveness ping
[2025-03-07 12:53:55] debug [tunnels::connections::ws] received liveness pong
[2025-03-07 12:54:55] debug [tunnels::connections::ws] received liveness pong
[2025-03-07 12:55:55] debug [tunnels::connections::ws] sent liveness ping
[2025-03-07 12:55:55] debug [tunnels::connections::ws] received liveness pong
[2025-03-07 12:56:55] debug [tunnels::connections::ws] received liveness pong
[2025-03-07 12:57:55] debug [tunnels::connections::ws] sent liveness ping
[2025-03-07 12:57:55] debug [tunnels::connections::ws] received liveness pong
[2025-03-07 12:58:55] debug [tunnels::connections::ws] received liveness pong
[2025-03-07 12:59:55] debug [tunnels::connections::ws] sent liveness ping
[2025-03-07 12:59:55] debug [tunnels::connections::ws] received liveness pong
[2025-03-07 13:00:55] debug [tunnels::connections::ws] received liveness pong
[2025-03-07 13:01:55] debug [tunnels::connections::ws] sent liveness ping
[2025-03-07 13:01:55] debug [tunnels::connections::ws] received liveness pong
[2025-03-07 13:02:55] debug [tunnels::connections::ws] received liveness pong
[2025-03-07 13:03:55] debug [tunnels::connections::ws] sent liveness ping
[2025-03-07 13:03:55] debug [tunnels::connections::ws] received liveness pong
[2025-03-07 13:04:55] debug [tunnels::connections::ws] received liveness pong
[2025-03-07 13:05:55] debug [tunnels::connections::ws] sent liveness ping
[2025-03-07 13:05:55] debug [tunnels::connections::ws] received liveness pong
[2025-03-07 13:06:55] debug [tunnels::connections::ws] received liveness pong
[2025-03-07 13:07:55] debug [tunnels::connections::ws] sent liveness ping
[2025-03-07 13:07:55] debug [tunnels::connections::ws] received liveness pong
[2025-03-07 13:08:55] debug [tunnels::connections::ws] received liveness pong
[2025-03-07 13:09:55] debug [tunnels::connections::ws] sent liveness ping
[2025-03-07 13:09:55] debug [tunnels::connections::ws] received liveness pong
[2025-03-07 14:41:33] debug Starting tunnel with `code C:\Users\Familia\AppData\Local\Programs\Microsoft VS Code\bin\code-tunnel.exe --verbose --cli-data-dir C:\Users\Familia\.vscode\cli tunnel service internal-run --log-to-file C:\Users\Familia\.vscode\cli\tunnel-service.log`
[2025-03-07 14:41:35] debug starting as new singleton
[2025-03-07 14:41:38] trace Found token in keyring
[2025-03-07 14:41:38] debug [reqwest::connect] starting new connection: https://api.github.com/
[2025-03-07 14:41:38] debug [reqwest::connect] starting new connection: https://brs.rel.tunnels.api.visualstudio.com/
[2025-03-07 14:41:39] trace wsl not detected
[2025-03-07 14:41:39] trace Found token in keyring
[2025-03-07 14:41:41] debug Starting tunnel to server...
[2025-03-07 14:41:41] trace Found token in keyring
[2025-03-07 14:41:41] debug [tungstenite::handshake::client] Client handshake done.
[2025-03-07 14:41:41] debug [russh::ssh_read] read_ssh_id: reading
[2025-03-07 14:41:41] debug [russh::ssh_read] read 39
[2025-03-07 14:41:41] debug [russh::ssh_read] Ok("SSH-2.0-Microsoft.DevTunnels.Ssh_3.12\r\n")
[2025-03-07 14:41:41] debug [russh::client] writing 352 bytes
[2025-03-07 14:41:41] debug [russh::ssh_read] id 39 39
[2025-03-07 14:41:41] debug [russh::client::kex] extending []
[2025-03-07 14:41:41] debug [russh::client::kex] algo = Names { kex: Name("none"), key: Name("none"), cipher: Name("none"), client_mac: Name("none"), server_mac: Name("none"), server_compression: None, client_compression: None, ignore_guessed: false }
[2025-03-07 14:41:41] debug [russh::client::kex] write = []
[2025-03-07 14:41:41] debug [russh::client::kex] i0 = 342
[2025-03-07 14:41:41] debug [russh::client::kex] moving to kexdhdone, exchange = Exchange { client_id: CryptoVec { p: 0x223bb961b50, size: 20, capacity: 32 }, server_id: CryptoVec { p: 0x223bd5ffd90, size: 37, capacity: 64 }, client_kex_init: CryptoVec { p: 0x223bd6201a0, size: 342, capacity: 512 }, server_kex_init: CryptoVec { p: 0x223bd5f5590, size: 94, capacity: 128 }, client_ephemeral: CryptoVec { p: 0x1, size: 0, capacity: 0 }, server_ephemeral: CryptoVec { p: 0x1, size: 0, capacity: 0 } }
[2025-03-07 14:41:42] debug [tunnels::connections::relay_tunnel_host] established host relay primary session
[2025-03-07 14:41:42] debug Connected to tunnel endpoint: TunnelRelayTunnelEndpoint { base: TunnelEndpoint { id: "dbd5f110-b44a-4c64-bd61-9d44e0c1a643-relay", connection_mode: TunnelRelay, host_id: "dbd5f110-b44a-4c64-bd61-9d44e0c1a643", host_public_keys: [], port_uri_format: Some("https://mtktc05t-{port}.brs.devtunnels.ms/"), tunnel_uri: Some("https://mtktc05t.brs.devtunnels.ms/"), port_ssh_command_format: Some("ssh mtktc05t-{port}@ssh.brs.devtunnels.ms"), tunnel_ssh_command: Some("ssh mtktc05t@ssh.brs.devtunnels.ms"), ssh_gateway_public_key: None }, host_relay_uri: Some("wss://brs-data.rel.tunnels.api.visualstudio.com/api/v1/Host/Connect/swift-ant-n9fwtwx"), client_relay_uri: Some("wss://brs-data.rel.tunnels.api.visualstudio.com/api/v1/Client/Connect/swift-ant-n9fwtwx") }
[2025-03-07 14:41:42] trace Found token in keyring
[2025-03-07 14:41:42] debug Visual Studio Code Server is listening for incoming connections
[2025-03-07 14:41:42] trace Found token in keyring
[2025-03-07 14:41:42] debug [reqwest::connect] starting new connection: https://api.github.com/
[2025-03-07 14:42:42] debug [tunnels::connections::ws] sent liveness ping
[2025-03-07 14:42:42] debug [tunnels::connections::ws] received liveness pong
[2025-03-07 14:43:41] debug [tunnels::connections::ws] received liveness pong
[2025-03-07 14:44:41] debug [tunnels::connections::ws] sent liveness ping
[2025-03-07 14:44:41] debug [tunnels::connections::ws] received liveness pong
[2025-03-07 14:45:41] debug [tunnels::connections::ws] received liveness pong
[2025-03-07 14:46:41] debug [tunnels::connections::ws] sent liveness ping
[2025-03-07 14:46:41] debug [tunnels::connections::ws] received liveness pong
[2025-03-07 14:47:41] debug [tunnels::connections::ws] received liveness pong
[2025-03-07 14:48:41] debug [tunnels::connections::ws] sent liveness ping
[2025-03-07 14:48:41] debug [tunnels::connections::ws] received liveness pong
[2025-03-07 14:49:41] debug [tunnels::connections::ws] received liveness pong
[2025-03-07 14:50:41] debug [tunnels::connections::ws] sent liveness ping
[2025-03-07 14:50:41] debug [tunnels::connections::ws] received liveness pong
[2025-03-07 14:51:41] debug [tunnels::connections::ws] received liveness pong
[2025-03-07 14:52:41] debug [tunnels::connections::ws] sent liveness ping
[2025-03-07 14:52:41] debug [tunnels::connections::ws] received liveness pong
[2025-03-07 14:53:41] debug [tunnels::connections::ws] sent liveness ping
[2025-03-07 14:53:41] debug [tunnels::connections::ws] received liveness pong
[2025-03-07 14:53:41] debug [tunnels::connections::ws] received liveness pong
[2025-03-07 14:54:41] debug [tunnels::connections::ws] sent liveness ping
[2025-03-07 14:54:41] debug [tunnels::connections::ws] received liveness pong
[2025-03-07 14:55:41] debug [tunnels::connections::ws] received liveness pong
[2025-03-07 14:56:41] debug [tunnels::connections::ws] sent liveness ping
[2025-03-07 14:56:42] debug [tunnels::connections::ws] received liveness pong
[2025-03-07 14:57:41] debug [tunnels::connections::ws] received liveness pong
[2025-03-07 14:58:41] debug [tunnels::connections::ws] sent liveness ping
[2025-03-07 14:58:41] debug [tunnels::connections::ws] received liveness pong
[2025-03-07 14:59:41] debug [tunnels::connections::ws] received liveness pong
[2025-03-07 15:00:41] debug [tunnels::connections::ws] sent liveness ping
[2025-03-07 15:00:41] debug [tunnels::connections::ws] received liveness pong
[2025-03-07 15:01:41] debug [tunnels::connections::ws] received liveness pong
[2025-03-07 15:02:41] debug [tunnels::connections::ws] sent liveness ping
[2025-03-07 15:02:41] debug [tunnels::connections::ws] received liveness pong
[2025-03-07 15:03:41] debug [tunnels::connections::ws] received liveness pong
[2025-03-07 15:04:41] debug [tunnels::connections::ws] sent liveness ping
[2025-03-07 15:04:41] debug [tunnels::connections::ws] received liveness pong
[2025-03-07 15:05:41] debug [tunnels::connections::ws] received liveness pong
[2025-03-07 15:06:41] debug [tunnels::connections::ws] sent liveness ping
[2025-03-07 15:06:41] debug [tunnels::connections::ws] received liveness pong
[2025-03-07 15:07:41] debug [tunnels::connections::ws] received liveness pong
[2025-03-07 15:08:41] debug [tunnels::connections::ws] sent liveness ping
[2025-03-07 15:08:41] debug [tunnels::connections::ws] received liveness pong
[2025-03-07 15:09:41] debug [tunnels::connections::ws] received liveness pong
[2025-03-07 15:10:41] debug [tunnels::connections::ws] sent liveness ping
[2025-03-07 15:10:41] debug [tunnels::connections::ws] received liveness pong
[2025-03-07 15:11:41] debug [tunnels::connections::ws] received liveness pong
[2025-03-07 15:12:41] debug [tunnels::connections::ws] sent liveness ping
[2025-03-07 15:12:41] debug [tunnels::connections::ws] received liveness pong
[2025-03-07 15:13:41] debug [tunnels::connections::ws] received liveness pong
[2025-03-07 15:14:41] debug [tunnels::connections::ws] sent liveness ping
[2025-03-07 15:14:41] debug [tunnels::connections::ws] received liveness pong
[2025-03-07 15:15:41] debug [tunnels::connections::ws] received liveness pong
[2025-03-07 15:16:41] debug [tunnels::connections::ws] sent liveness ping
[2025-03-07 15:16:41] debug [tunnels::connections::ws] received liveness pong
[2025-03-07 15:17:41] debug [tunnels::connections::ws] received liveness pong
[2025-03-07 15:18:41] debug [tunnels::connections::ws] sent liveness ping
[2025-03-07 15:18:41] debug [tunnels::connections::ws] received liveness pong
[2025-03-07 15:19:41] debug [tunnels::connections::ws] received liveness pong
[2025-03-07 15:20:41] debug [tunnels::connections::ws] sent liveness ping
[2025-03-07 15:20:41] debug [tunnels::connections::ws] received liveness pong
[2025-03-07 15:21:41] debug [tunnels::connections::ws] received liveness pong
[2025-03-07 15:22:41] debug [tunnels::connections::ws] sent liveness ping
[2025-03-07 15:22:41] debug [tunnels::connections::ws] received liveness pong
[2025-03-07 15:23:41] debug [tunnels::connections::ws] received liveness pong
[2025-03-07 15:24:41] debug [tunnels::connections::ws] sent liveness ping
[2025-03-07 15:24:41] debug [tunnels::connections::ws] received liveness pong
[2025-03-07 15:25:41] debug [tunnels::connections::ws] received liveness pong
[2025-03-07 15:26:41] debug [tunnels::connections::ws] sent liveness ping
[2025-03-07 15:26:41] debug [tunnels::connections::ws] received liveness pong
[2025-03-07 15:27:41] debug [tunnels::connections::ws] received liveness pong
[2025-03-07 15:28:41] debug [tunnels::connections::ws] sent liveness ping
[2025-03-07 15:28:41] debug [tunnels::connections::ws] received liveness pong
[2025-03-07 15:29:41] debug [tunnels::connections::ws] received liveness pong
[2025-03-07 15:30:41] debug [tunnels::connections::ws] sent liveness ping
[2025-03-07 15:30:41] debug [tunnels::connections::ws] received liveness pong
[2025-03-07 15:31:41] debug [tunnels::connections::ws] received liveness pong
[2025-03-07 15:32:41] debug [tunnels::connections::ws] sent liveness ping
[2025-03-07 15:32:41] debug [tunnels::connections::ws] received liveness pong
[2025-03-07 15:33:41] debug [tunnels::connections::ws] received liveness pong
[2025-03-07 15:34:41] debug [tunnels::connections::ws] sent liveness ping
[2025-03-07 15:34:41] debug [tunnels::connections::ws] received liveness pong
[2025-03-07 15:35:41] debug [tunnels::connections::ws] received liveness pong
[2025-03-07 15:36:41] debug [tunnels::connections::ws] sent liveness ping
[2025-03-07 15:36:41] debug [tunnels::connections::ws] received liveness pong
[2025-03-07 15:37:41] debug [tunnels::connections::ws] received liveness pong
[2025-03-07 15:38:41] debug [tunnels::connections::ws] sent liveness ping
[2025-03-07 15:38:41] debug [tunnels::connections::ws] received liveness pong
[2025-03-07 15:39:41] debug [tunnels::connections::ws] received liveness pong
[2025-03-07 15:40:41] debug [tunnels::connections::ws] sent liveness ping
[2025-03-07 15:40:41] debug [tunnels::connections::ws] received liveness pong
[2025-03-07 15:41:41] debug [tunnels::connections::ws] received liveness pong
[2025-03-07 15:41:42] debug [reqwest::connect] starting new connection: https://api.github.com/
[2025-03-07 15:41:42] trace token was successfully refreshed in keepalive
[2025-03-07 15:42:41] debug [tunnels::connections::ws] sent liveness ping
[2025-03-07 15:42:41] debug [tunnels::connections::ws] received liveness pong
[2025-03-07 15:43:41] debug [tunnels::connections::ws] sent liveness ping
[2025-03-07 15:43:41] debug [tunnels::connections::ws] received liveness pong
[2025-03-07 15:43:41] debug [tunnels::connections::ws] received liveness pong
[2025-03-07 15:44:41] debug [tunnels::connections::ws] sent liveness ping
[2025-03-07 15:44:41] debug [tunnels::connections::ws] received liveness pong
[2025-03-07 15:45:41] debug [tunnels::connections::ws] received liveness pong
[2025-03-07 15:46:41] debug [tunnels::connections::ws] sent liveness ping
[2025-03-07 15:46:41] debug [tunnels::connections::ws] received liveness pong
[2025-03-07 15:47:41] debug [tunnels::connections::ws] received liveness pong
[2025-03-07 15:48:41] debug [tunnels::connections::ws] sent liveness ping
[2025-03-07 15:48:41] debug [tunnels::connections::ws] received liveness pong
[2025-03-07 15:49:41] debug [tunnels::connections::ws] received liveness pong
[2025-03-07 15:50:41] debug [tunnels::connections::ws] sent liveness ping
[2025-03-07 15:50:41] debug [tunnels::connections::ws] received liveness pong
[2025-03-07 15:51:41] debug [tunnels::connections::ws] received liveness pong
[2025-03-07 15:52:41] debug [tunnels::connections::ws] sent liveness ping
[2025-03-07 15:52:41] debug [tunnels::connections::ws] received liveness pong
[2025-03-07 15:53:41] debug [tunnels::connections::ws] received liveness pong
[2025-03-07 15:54:41] debug [tunnels::connections::ws] sent liveness ping
[2025-03-07 15:54:41] debug [tunnels::connections::ws] received liveness pong
[2025-03-07 15:55:41] debug [tunnels::connections::ws] received liveness pong
[2025-03-07 15:56:41] debug [tunnels::connections::ws] sent liveness ping
[2025-03-07 15:56:41] debug [tunnels::connections::ws] received liveness pong
[2025-03-07 15:57:41] debug [tunnels::connections::ws] received liveness pong
[2025-03-07 15:58:41] debug [tunnels::connections::ws] sent liveness ping
[2025-03-07 15:58:41] debug [tunnels::connections::ws] received liveness pong
[2025-03-07 15:59:41] debug [tunnels::connections::ws] received liveness pong
[2025-03-07 16:00:41] debug [tunnels::connections::ws] sent liveness ping
[2025-03-07 16:00:41] debug [tunnels::connections::ws] received liveness pong
[2025-03-07 16:01:41] debug [tunnels::connections::ws] received liveness pong
[2025-03-07 16:02:41] debug [tunnels::connections::ws] sent liveness ping
[2025-03-07 16:02:41] debug [tunnels::connections::ws] received liveness pong
[2025-03-07 16:03:41] debug [tunnels::connections::ws] received liveness pong
[2025-03-07 16:04:41] debug [tunnels::connections::ws] sent liveness ping
[2025-03-07 16:04:41] debug [tunnels::connections::ws] received liveness pong
[2025-03-07 16:05:41] debug [tunnels::connections::ws] received liveness pong
[2025-03-07 16:06:41] debug [tunnels::connections::ws] sent liveness ping
[2025-03-07 16:06:41] debug [tunnels::connections::ws] received liveness pong
[2025-03-07 16:07:41] debug [tunnels::connections::ws] received liveness pong
[2025-03-07 16:08:41] debug [tunnels::connections::ws] sent liveness ping
[2025-03-07 16:08:41] debug [tunnels::connections::ws] received liveness pong
[2025-03-07 16:09:41] debug [tunnels::connections::ws] received liveness pong
[2025-03-07 16:10:41] debug [tunnels::connections::ws] sent liveness ping
[2025-03-07 16:10:41] debug [tunnels::connections::ws] received liveness pong
[2025-03-07 16:11:41] debug [tunnels::connections::ws] received liveness pong
[2025-03-07 16:12:41] debug [tunnels::connections::ws] sent liveness ping
[2025-03-07 16:12:41] debug [tunnels::connections::ws] received liveness pong
[2025-03-07 16:13:41] debug [tunnels::connections::ws] received liveness pong
[2025-03-07 16:14:41] debug [tunnels::connections::ws] sent liveness ping
[2025-03-07 16:14:41] debug [tunnels::connections::ws] received liveness pong
[2025-03-07 16:15:41] debug [tunnels::connections::ws] received liveness pong
[2025-03-07 16:16:41] debug [tunnels::connections::ws] sent liveness ping
[2025-03-07 16:16:41] debug [tunnels::connections::ws] received liveness pong
[2025-03-07 16:17:41] debug [tunnels::connections::ws] received liveness pong
[2025-03-07 16:18:41] debug [tunnels::connections::ws] sent liveness ping
[2025-03-07 16:18:41] debug [tunnels::connections::ws] received liveness pong
[2025-03-07 16:19:41] debug [tunnels::connections::ws] sent liveness ping
[2025-03-07 16:19:41] debug [tunnels::connections::ws] received liveness pong
[2025-03-07 16:19:41] debug [tunnels::connections::ws] received liveness pong
[2025-03-07 16:20:41] debug [tunnels::connections::ws] sent liveness ping
[2025-03-07 16:20:41] debug [tunnels::connections::ws] received liveness pong
[2025-03-07 16:21:41] debug [tunnels::connections::ws] received liveness pong
[2025-03-07 16:22:41] debug [tunnels::connections::ws] sent liveness ping
[2025-03-07 16:22:41] debug [tunnels::connections::ws] received liveness pong
[2025-03-07 16:23:41] debug [tunnels::connections::ws] received liveness pong
[2025-03-07 16:24:41] debug [tunnels::connections::ws] sent liveness ping
[2025-03-07 16:24:41] debug [tunnels::connections::ws] received liveness pong
[2025-03-07 16:25:41] debug [tunnels::connections::ws] received liveness pong
[2025-03-07 16:26:41] debug [tunnels::connections::ws] sent liveness ping
[2025-03-07 16:26:41] debug [tunnels::connections::ws] received liveness pong
[2025-03-07 16:27:41] debug [tunnels::connections::ws] received liveness pong
[2025-03-07 16:28:41] debug [tunnels::connections::ws] sent liveness ping
[2025-03-07 16:28:41] debug [tunnels::connections::ws] received liveness pong
[2025-03-07 16:29:41] debug [tunnels::connections::ws] received liveness pong
[2025-03-07 16:30:41] debug [tunnels::connections::ws] sent liveness ping
[2025-03-07 16:30:41] debug [tunnels::connections::ws] received liveness pong
[2025-03-07 16:31:41] debug [tunnels::connections::ws] received liveness pong
[2025-03-07 16:32:41] debug [tunnels::connections::ws] sent liveness ping
[2025-03-07 16:32:41] debug [tunnels::connections::ws] received liveness pong
[2025-03-07 16:33:41] debug [tunnels::connections::ws] received liveness pong
[2025-03-07 16:34:41] debug [tunnels::connections::ws] sent liveness ping
[2025-03-07 16:34:41] debug [tunnels::connections::ws] received liveness pong
[2025-03-07 16:35:41] debug [tunnels::connections::ws] received liveness pong
[2025-03-07 16:36:41] debug [tunnels::connections::ws] sent liveness ping
[2025-03-07 16:36:41] debug [tunnels::connections::ws] received liveness pong
[2025-03-07 16:37:41] debug [tunnels::connections::ws] received liveness pong
[2025-03-07 16:38:41] debug [tunnels::connections::ws] sent liveness ping
[2025-03-07 16:38:41] debug [tunnels::connections::ws] received liveness pong
[2025-03-07 16:39:41] debug [tunnels::connections::ws] received liveness pong
[2025-03-07 16:40:41] debug [tunnels::connections::ws] sent liveness ping
[2025-03-07 16:40:41] debug [tunnels::connections::ws] received liveness pong
[2025-03-07 16:41:41] debug [tunnels::connections::ws] received liveness pong
[2025-03-07 16:41:42] debug [reqwest::connect] starting new connection: https://api.github.com/
[2025-03-07 16:41:43] trace token was successfully refreshed in keepalive
[2025-03-07 16:42:41] debug [tunnels::connections::ws] sent liveness ping
[2025-03-07 16:42:41] debug [tunnels::connections::ws] received liveness pong
[2025-03-07 16:43:41] debug [tunnels::connections::ws] received liveness pong
[2025-03-07 16:44:41] debug [tunnels::connections::ws] sent liveness ping
[2025-03-07 16:44:41] debug [tunnels::connections::ws] received liveness pong
[2025-03-07 16:45:41] debug [tunnels::connections::ws] received liveness pong
[2025-03-07 16:46:41] debug [tunnels::connections::ws] sent liveness ping
[2025-03-07 16:46:41] debug [tunnels::connections::ws] received liveness pong
[2025-03-07 16:47:41] debug [tunnels::connections::ws] received liveness pong
[2025-03-07 16:48:41] debug [tunnels::connections::ws] sent liveness ping
[2025-03-07 16:48:41] debug [tunnels::connections::ws] received liveness pong
[2025-03-08 12:14:34] debug Starting tunnel with `code C:\Users\Familia\AppData\Local\Programs\Microsoft VS Code\bin\code-tunnel.exe --verbose --cli-data-dir C:\Users\Familia\.vscode\cli tunnel service internal-run --log-to-file C:\Users\Familia\.vscode\cli\tunnel-service.log`
[2025-03-08 12:14:34] debug starting as new singleton
[2025-03-08 12:14:36] trace Found token in keyring
[2025-03-08 12:14:36] debug [reqwest::connect] starting new connection: https://api.github.com/
[2025-03-08 12:14:37] debug [reqwest::connect] starting new connection: https://brs.rel.tunnels.api.visualstudio.com/
[2025-03-08 12:14:38] trace wsl not detected
[2025-03-08 12:14:38] trace Found token in keyring
[2025-03-08 12:14:39] debug Starting tunnel to server...
[2025-03-08 12:14:40] trace Found token in keyring
[2025-03-08 12:14:40] debug [tungstenite::handshake::client] Client handshake done.
[2025-03-08 12:14:40] debug [russh::ssh_read] read_ssh_id: reading
[2025-03-08 12:14:40] debug [russh::ssh_read] read 39
[2025-03-08 12:14:40] debug [russh::ssh_read] Ok("SSH-2.0-Microsoft.DevTunnels.Ssh_3.12\r\n")
[2025-03-08 12:14:40] debug [russh::client] writing 352 bytes
[2025-03-08 12:14:40] debug [russh::ssh_read] id 39 39
[2025-03-08 12:14:40] debug [russh::client::kex] extending []
[2025-03-08 12:14:40] debug [russh::client::kex] algo = Names { kex: Name("none"), key: Name("none"), cipher: Name("none"), client_mac: Name("none"), server_mac: Name("none"), server_compression: None, client_compression: None, ignore_guessed: false }
[2025-03-08 12:14:40] debug [russh::client::kex] write = []
[2025-03-08 12:14:40] debug [russh::client::kex] i0 = 342
[2025-03-08 12:14:40] debug [russh::client::kex] moving to kexdhdone, exchange = Exchange { client_id: CryptoVec { p: 0x1ec8d7eac00, size: 20, capacity: 32 }, server_id: CryptoVec { p: 0x1ec8d8bd050, size: 37, capacity: 64 }, client_kex_init: CryptoVec { p: 0x1ec8d8c3a60, size: 342, capacity: 512 }, server_kex_init: CryptoVec { p: 0x1ec8d810aa0, size: 94, capacity: 128 }, client_ephemeral: CryptoVec { p: 0x1, size: 0, capacity: 0 }, server_ephemeral: CryptoVec { p: 0x1, size: 0, capacity: 0 } }
[2025-03-08 12:14:40] debug [tunnels::connections::relay_tunnel_host] established host relay primary session
[2025-03-08 12:14:41] debug Connected to tunnel endpoint: TunnelRelayTunnelEndpoint { base: TunnelEndpoint { id: "5cc1747c-47e0-4677-926d-0c75d1415583-relay", connection_mode: TunnelRelay, host_id: "5cc1747c-47e0-4677-926d-0c75d1415583", host_public_keys: [], port_uri_format: Some("https://mtktc05t-{port}.brs.devtunnels.ms/"), tunnel_uri: Some("https://mtktc05t.brs.devtunnels.ms/"), port_ssh_command_format: Some("ssh mtktc05t-{port}@ssh.brs.devtunnels.ms"), tunnel_ssh_command: Some("ssh mtktc05t@ssh.brs.devtunnels.ms"), ssh_gateway_public_key: None }, host_relay_uri: Some("wss://brs-data.rel.tunnels.api.visualstudio.com/api/v1/Host/Connect/swift-ant-n9fwtwx"), client_relay_uri: Some("wss://brs-data.rel.tunnels.api.visualstudio.com/api/v1/Client/Connect/swift-ant-n9fwtwx") }
[2025-03-08 12:14:41] debug Visual Studio Code Server is listening for incoming connections
[2025-03-08 12:14:41] trace Found token in keyring
[2025-03-08 12:14:41] trace Found token in keyring
[2025-03-08 12:14:41] debug [reqwest::connect] starting new connection: https://api.github.com/
[2025-03-08 12:15:41] debug [tunnels::connections::ws] sent liveness ping
[2025-03-08 12:15:41] debug [tunnels::connections::ws] received liveness pong
[2025-03-08 12:16:40] debug [tunnels::connections::ws] received liveness pong
[2025-03-08 12:17:40] debug [tunnels::connections::ws] sent liveness ping
[2025-03-08 12:17:40] debug [tunnels::connections::ws] received liveness pong
[2025-03-08 12:18:40] debug [tunnels::connections::ws] received liveness pong
[2025-03-08 12:19:40] debug [tunnels::connections::ws] sent liveness ping
[2025-03-08 12:19:40] debug [tunnels::connections::ws] received liveness pong
[2025-03-08 12:20:40] debug [tunnels::connections::ws] received liveness pong
[2025-03-08 12:21:40] debug [tunnels::connections::ws] sent liveness ping
[2025-03-08 12:21:40] debug [tunnels::connections::ws] received liveness pong
[2025-03-08 12:22:40] debug [tunnels::connections::ws] received liveness pong
[2025-03-08 12:23:40] debug [tunnels::connections::ws] sent liveness ping
[2025-03-08 12:23:40] debug [tunnels::connections::ws] received liveness pong
[2025-03-08 12:24:40] debug [tunnels::connections::ws] received liveness pong
[2025-03-08 12:25:40] debug [tunnels::connections::ws] sent liveness ping
[2025-03-08 12:25:40] debug [tunnels::connections::ws] received liveness pong
[2025-03-08 12:26:40] debug [tunnels::connections::ws] received liveness pong
[2025-03-08 12:27:40] debug [tunnels::connections::ws] sent liveness ping
[2025-03-08 12:27:40] debug [tunnels::connections::ws] received liveness pong
[2025-03-08 12:28:40] debug [tunnels::connections::ws] received liveness pong
[2025-03-08 12:29:40] debug [tunnels::connections::ws] sent liveness ping
[2025-03-08 12:29:40] debug [tunnels::connections::ws] received liveness pong
[2025-03-08 12:30:40] debug [tunnels::connections::ws] received liveness pong
[2025-03-08 12:31:40] debug [tunnels::connections::ws] sent liveness ping
[2025-03-08 12:31:40] debug [tunnels::connections::ws] received liveness pong
[2025-03-08 12:32:40] debug [tunnels::connections::ws] received liveness pong
[2025-03-08 12:33:40] debug [tunnels::connections::ws] sent liveness ping
[2025-03-08 12:33:40] debug [tunnels::connections::ws] received liveness pong
[2025-03-08 12:34:40] debug [tunnels::connections::ws] received liveness pong
[2025-03-08 12:35:40] debug [tunnels::connections::ws] sent liveness ping
[2025-03-08 12:35:40] debug [tunnels::connections::ws] received liveness pong
[2025-03-08 12:36:40] debug [tunnels::connections::ws] received liveness pong
[2025-03-08 12:37:40] debug [tunnels::connections::ws] sent liveness ping
[2025-03-08 12:37:40] debug [tunnels::connections::ws] received liveness pong
[2025-03-08 12:38:40] debug [tunnels::connections::ws] received liveness pong
[2025-03-08 12:39:40] debug [tunnels::connections::ws] sent liveness ping
[2025-03-08 12:39:40] debug [tunnels::connections::ws] received liveness pong
[2025-03-08 12:40:40] debug [tunnels::connections::ws] received liveness pong
[2025-03-08 12:41:40] debug [tunnels::connections::ws] sent liveness ping
[2025-03-08 12:41:40] debug [tunnels::connections::ws] received liveness pong
[2025-03-08 12:42:40] debug [tunnels::connections::ws] received liveness pong
[2025-03-08 12:43:40] debug [tunnels::connections::ws] sent liveness ping
[2025-03-08 12:43:40] debug [tunnels::connections::ws] received liveness pong
[2025-03-08 12:44:40] debug [tunnels::connections::ws] received liveness pong
[2025-03-08 12:45:40] debug [tunnels::connections::ws] sent liveness ping
[2025-03-08 12:45:40] debug [tunnels::connections::ws] received liveness pong
[2025-03-08 12:46:40] debug [tunnels::connections::ws] received liveness pong
[2025-03-08 12:47:40] debug [tunnels::connections::ws] sent liveness ping
[2025-03-08 12:47:40] debug [tunnels::connections::ws] received liveness pong
[2025-03-08 12:48:40] debug [tunnels::connections::ws] received liveness pong
[2025-03-08 12:49:40] debug [tunnels::connections::ws] sent liveness ping
[2025-03-08 12:49:40] debug [tunnels::connections::ws] received liveness pong
[2025-03-08 12:50:40] debug [tunnels::connections::ws] received liveness pong
[2025-03-08 12:51:40] debug [tunnels::connections::ws] sent liveness ping
[2025-03-08 12:51:40] debug [tunnels::connections::ws] received liveness pong
[2025-03-08 12:52:40] debug [tunnels::connections::ws] received liveness pong
[2025-03-08 12:53:40] debug [tunnels::connections::ws] sent liveness ping
[2025-03-08 12:53:40] debug [tunnels::connections::ws] received liveness pong
[2025-03-08 12:54:40] debug [tunnels::connections::ws] received liveness pong
[2025-03-08 12:55:40] debug [tunnels::connections::ws] sent liveness ping
[2025-03-08 12:55:40] debug [tunnels::connections::ws] received liveness pong
[2025-03-08 12:56:40] debug [tunnels::connections::ws] received liveness pong
[2025-03-08 12:57:40] debug [tunnels::connections::ws] sent liveness ping
[2025-03-08 12:57:40] debug [tunnels::connections::ws] received liveness pong
[2025-03-08 12:58:40] debug [tunnels::connections::ws] received liveness pong
[2025-03-08 12:59:40] debug [tunnels::connections::ws] sent liveness ping
[2025-03-08 12:59:40] debug [tunnels::connections::ws] received liveness pong
[2025-03-08 13:00:40] debug [tunnels::connections::ws] received liveness pong
[2025-03-08 13:01:40] debug [tunnels::connections::ws] sent liveness ping
[2025-03-08 13:01:40] debug [tunnels::connections::ws] received liveness pong
[2025-03-08 13:02:40] debug [tunnels::connections::ws] received liveness pong
[2025-03-08 13:03:40] debug [tunnels::connections::ws] sent liveness ping
[2025-03-08 13:03:40] debug [tunnels::connections::ws] received liveness pong
[2025-03-08 13:04:40] debug [tunnels::connections::ws] received liveness pong
[2025-03-08 13:05:40] debug [tunnels::connections::ws] sent liveness ping
[2025-03-08 13:05:40] debug [tunnels::connections::ws] received liveness pong
[2025-03-08 13:06:40] debug [tunnels::connections::ws] received liveness pong
[2025-03-08 13:07:40] debug [tunnels::connections::ws] sent liveness ping
[2025-03-08 13:07:40] debug [tunnels::connections::ws] received liveness pong
[2025-03-08 13:08:40] debug [tunnels::connections::ws] received liveness pong
[2025-03-08 13:09:40] debug [tunnels::connections::ws] sent liveness ping
[2025-03-08 13:09:40] debug [tunnels::connections::ws] received liveness pong
[2025-03-08 13:10:40] debug [tunnels::connections::ws] received liveness pong
[2025-03-08 13:11:40] debug [tunnels::connections::ws] sent liveness ping
[2025-03-08 13:11:40] debug [tunnels::connections::ws] received liveness pong
[2025-03-08 13:12:40] debug [tunnels::connections::ws] received liveness pong
[2025-03-08 13:13:40] debug [tunnels::connections::ws] sent liveness ping
[2025-03-08 13:13:40] debug [tunnels::connections::ws] received liveness pong
[2025-03-08 13:14:40] debug [tunnels::connections::ws] received liveness pong
[2025-03-08 13:14:41] debug [reqwest::connect] starting new connection: https://api.github.com/
[2025-03-08 13:14:41] trace token was successfully refreshed in keepalive
[2025-03-08 13:15:40] debug [tunnels::connections::ws] sent liveness ping
[2025-03-08 13:15:40] debug [tunnels::connections::ws] received liveness pong
[2025-03-08 13:16:40] debug [tunnels::connections::ws] received liveness pong
[2025-03-08 13:17:40] debug [tunnels::connections::ws] sent liveness ping
[2025-03-08 13:17:40] debug [tunnels::connections::ws] received liveness pong
[2025-03-08 13:18:40] debug [tunnels::connections::ws] received liveness pong
[2025-03-08 13:19:40] debug [tunnels::connections::ws] sent liveness ping
[2025-03-08 13:19:40] debug [tunnels::connections::ws] received liveness pong
[2025-03-08 13:20:40] debug [tunnels::connections::ws] received liveness pong
[2025-03-08 13:21:40] debug [tunnels::connections::ws] sent liveness ping
[2025-03-08 13:21:40] debug [tunnels::connections::ws] received liveness pong
[2025-03-08 13:22:40] debug [tunnels::connections::ws] received liveness pong
[2025-03-08 13:23:40] debug [tunnels::connections::ws] sent liveness ping
[2025-03-08 13:23:40] debug [tunnels::connections::ws] received liveness pong
[2025-03-08 13:24:40] debug [tunnels::connections::ws] received liveness pong
[2025-03-08 13:25:40] debug [tunnels::connections::ws] sent liveness ping
[2025-03-08 13:25:40] debug [tunnels::connections::ws] received liveness pong
